,work_year,experience_level,employment_type,job_title,salary,salary_currency,salary_in_usd,remote_ratio,company_size,company_location_iso_a3,employee_residence_iso_a3,gdp_company_location,gdp_employee_residence,same_country,ai_or_ml_job
68,2021,0,FT,DevOps Engineer,42000,GBP,57769,50,0,GBR,GBR,43044.983613571414,43044.983613571414,1.0,0.0
70,2021,0,FT,DevOps Engineer,42000,GBP,57769,50,0,GBR,GBR,43044.983613571414,43044.983613571414,1.0,0.0
71,2020,2,FT,DevOps Engineer,41000,GBP,52588,100,2,GBR,GBR,43044.983613571414,43044.983613571414,1.0,0.0
72,2021,1,FT,Data Engineer,60000,GBP,82528,100,2,GBR,GBR,43044.983613571414,43044.983613571414,1.0,1.0
73,2021,1,FT,Cloud Platform Engineer,50000,GBP,68773,100,2,GBR,GBR,43044.983613571414,43044.983613571414,1.0,0.0
74,2021,1,FT,Cyber Security Engineer,45000,GBP,61896,100,2,GBR,GBR,43044.983613571414,43044.983613571414,1.0,0.0
75,2021,0,FT,Penetration Tester,35000,GBP,48141,100,1,GBR,GBR,43044.983613571414,43044.983613571414,1.0,0.0
76,2021,0,FT,Research Scientist,60000,GBP,82528,50,2,GBR,GBR,43044.983613571414,43044.983613571414,1.0,0.0
77,2021,0,FT,Cyber Security Analyst,26100,GBP,35899,50,2,GBR,GBR,43044.983613571414,43044.983613571414,1.0,0.0
78,2021,0,FT,DevOps Engineer,37000,GBP,50892,100,2,GBR,GBR,43044.983613571414,43044.983613571414,1.0,0.0
79,2021,2,FT,Director of Data Engineering,82500,GBP,113476,100,1,GBR,GBR,43044.983613571414,43044.983613571414,1.0,1.0
80,2021,2,FT,Lead Data Engineer,75000,GBP,103160,100,0,GBR,GBR,43044.983613571414,43044.983613571414,1.0,1.0
81,2021,0,FT,Platform Engineer,27000,GBP,37137,100,1,GBR,GBR,43044.983613571414,43044.983613571414,1.0,0.0
82,2021,0,FT,Cloud Engineer,55000,GBP,75650,100,2,GBR,GBR,43044.983613571414,43044.983613571414,1.0,0.0
83,2021,2,FT,Incident Response Analyst,65000,GBP,89405,100,2,GBR,GBR,43044.983613571414,43044.983613571414,1.0,0.0
84,2021,1,FT,Data Analyst,37456,GBP,51519,50,2,GBR,GBR,43044.983613571414,43044.983613571414,1.0,1.0
86,2021,1,FT,Cyber Security Specialist,50000,GBP,68773,50,2,GBR,GBR,43044.983613571414,43044.983613571414,1.0,0.0
87,2021,1,FT,Chief Information Security Officer,44000,GBP,60520,100,2,GBR,GBR,43044.983613571414,43044.983613571414,1.0,0.0
88,2021,0,FT,SOC Analyst,36200,GBP,49792,100,1,GBR,GBR,43044.983613571414,43044.983613571414,1.0,0.0
90,2021,2,FT,Cyber Security Specialist,41500,GBP,57082,100,2,GBR,GBR,43044.983613571414,43044.983613571414,1.0,0.0
92,2021,1,FT,Data Engineer,52500,GBP,72212,50,2,GBR,GBR,43044.983613571414,43044.983613571414,1.0,1.0
93,2021,2,FT,Data Engineer,70000,GBP,96282,50,2,GBR,GBR,43044.983613571414,43044.983613571414,1.0,1.0
94,2021,2,FT,Cloud Operations Engineer,67000,GBP,92156,50,2,GBR,GBR,43044.983613571414,43044.983613571414,1.0,0.0
95,2021,2,FT,Principal DevOps Engineer,83000,GBP,114164,50,1,GBR,GBR,43044.983613571414,43044.983613571414,1.0,0.0
97,2021,0,FT,DevOps Engineer,55000,GBP,75650,100,0,GBR,GBR,43044.983613571414,43044.983613571414,1.0,0.0
98,2021,1,FT,DevOps Engineer,65000,GBP,89405,50,2,GBR,GBR,43044.983613571414,43044.983613571414,1.0,0.0
99,2021,3,FT,Platform Engineering Manager,130000,GBP,178811,50,1,GBR,GBR,43044.983613571414,43044.983613571414,1.0,0.0
101,2021,2,FT,Lead Platform Engineer,75000,GBP,103160,100,2,GBR,GBR,43044.983613571414,43044.983613571414,1.0,0.0
102,2021,2,FT,Manager of DevOps & Engineering Infrastructure,50500,GBP,69461,100,2,GBR,GBR,43044.983613571414,43044.983613571414,1.0,0.0
103,2021,1,FT,Site Reliability Engineer,45000,GBP,61896,100,2,GBR,GBR,43044.983613571414,43044.983613571414,1.0,0.0
104,2021,2,FT,DevOps Engineer,80000,GBP,110037,100,2,GBR,GBR,43044.983613571414,43044.983613571414,1.0,0.0
105,2021,0,FT,Cloud DevOps Engineer,28500,GBP,39200,100,0,GBR,GBR,43044.983613571414,43044.983613571414,1.0,0.0
106,2021,1,FT,Cloud Engineer,65000,GBP,89405,100,1,GBR,GBR,43044.983613571414,43044.983613571414,1.0,0.0
107,2021,2,FT,DevOps Engineer,56500,GBP,77714,100,2,GBR,GBR,43044.983613571414,43044.983613571414,1.0,0.0
110,2021,2,FT,Site Reliability Engineer,115000,GBP,158179,50,2,GBR,GBR,43044.983613571414,43044.983613571414,1.0,0.0
112,2021,1,FT,DevOps Engineer,42000,GBP,57769,100,1,GBR,GBR,43044.983613571414,43044.983613571414,1.0,0.0
113,2021,1,FT,Infrastructure Engineer,38016,GBP,52289,100,2,GBR,GBR,43044.983613571414,43044.983613571414,1.0,0.0
114,2021,3,FT,DevOps Manager,82000,GBP,112788,50,2,GBR,GBR,43044.983613571414,43044.983613571414,1.0,0.0
115,2021,1,FT,Infrastructure Engineer,55000,GBP,75650,50,0,GBR,GBR,43044.983613571414,43044.983613571414,1.0,0.0
116,2021,0,FT,Platform Engineer,58750,GBP,80808,100,2,GBR,GBR,43044.983613571414,43044.983613571414,1.0,0.0
117,2021,1,FT,Site Reliability Engineer,68450,GBP,94150,100,2,GBR,GBR,43044.983613571414,43044.983613571414,1.0,0.0
118,2021,2,FT,DevOps Engineer,78000,GBP,107286,100,2,GBR,GBR,43044.983613571414,43044.983613571414,1.0,0.0
119,2021,0,FT,DevOps Engineer,56000,GBP,77026,50,0,GBR,GBR,43044.983613571414,43044.983613571414,1.0,0.0
120,2021,1,FT,Site Reliability Engineer,75000,GBP,103160,100,2,GBR,GBR,43044.983613571414,43044.983613571414,1.0,0.0
121,2021,0,FT,Cloud Platform Engineer,40000,GBP,55018,100,2,GBR,GBR,43044.983613571414,43044.983613571414,1.0,0.0
122,2021,1,FT,Cloud Engineer,72000,GBP,99033,100,0,GBR,GBR,43044.983613571414,43044.983613571414,1.0,0.0
123,2021,1,FT,DevOps Engineer,47000,GBP,64647,50,2,GBR,GBR,43044.983613571414,43044.983613571414,1.0,0.0
125,2021,1,FT,DevOps Engineer,60000,GBP,82528,100,0,GBR,GBR,43044.983613571414,43044.983613571414,1.0,0.0
126,2021,1,FT,Platform Engineer,47500,GBP,65334,100,2,GBR,GBR,43044.983613571414,43044.983613571414,1.0,0.0
127,2021,0,FT,DevOps Engineer,42000,GBP,57769,50,0,GBR,GBR,43044.983613571414,43044.983613571414,1.0,0.0
128,2021,0,FT,DevOps Engineer,41000,GBP,56394,100,2,GBR,GBR,43044.983613571414,43044.983613571414,1.0,0.0
133,2020,2,FT,DevOps Engineer,41000,GBP,52588,100,2,GBR,GBR,43044.983613571414,43044.983613571414,1.0,0.0
134,2021,2,FT,Platform Engineer,87000,GBP,119665,100,0,GBR,GBR,43044.983613571414,43044.983613571414,1.0,0.0
135,2021,1,CT,Cloud Engineer,105000,GBP,144424,100,2,GBR,GBR,43044.983613571414,43044.983613571414,1.0,0.0
136,2021,2,CT,Cloud Engineer,120000,GBP,165056,50,2,GBR,GBR,43044.983613571414,43044.983613571414,1.0,0.0
139,2021,1,FT,Cloud DevOps Engineer,40000,GBP,55018,50,1,GBR,GBR,43044.983613571414,43044.983613571414,1.0,0.0
143,2021,2,FT,Cloud Architect,85000,GBP,116914,100,1,GBR,GBR,43044.983613571414,43044.983613571414,1.0,0.0
144,2021,2,FT,DevOps Engineer,75000,GBP,103160,100,2,GBR,GBR,43044.983613571414,43044.983613571414,1.0,0.0
146,2021,1,FT,Information Security Analyst,42000,GBP,57769,100,2,GBR,GBR,43044.983613571414,43044.983613571414,1.0,0.0
147,2021,2,FT,Information Security Manager,60000,GBP,82528,50,2,GBR,GBR,43044.983613571414,43044.983613571414,1.0,0.0
150,2021,2,FT,Security Engineer,90000,GBP,123792,50,2,GBR,GBR,43044.983613571414,43044.983613571414,1.0,0.0
154,2021,3,FT,Chief Information Security Officer,142000,GBP,195316,100,2,GBR,GBR,43044.983613571414,43044.983613571414,1.0,0.0
156,2021,1,FT,Penetration Tester,38000,GBP,52267,100,0,GBR,GBR,43044.983613571414,43044.983613571414,1.0,0.0
157,2021,0,FT,Cybersecurity Analyst,23500,GBP,32323,50,2,GBR,GBR,43044.983613571414,43044.983613571414,1.0,0.0
158,2021,0,FT,Cyber Security Analyst,28500,GBP,39200,50,0,GBR,GBR,43044.983613571414,43044.983613571414,1.0,0.0
160,2021,2,FT,Finance Data Analyst,45000,GBP,61896,50,2,GBR,GBR,43044.983613571414,43044.983613571414,1.0,1.0
161,2021,1,FT,Data Scientist,85000,GBP,116914,50,2,GBR,GBR,43044.983613571414,43044.983613571414,1.0,1.0
162,2021,1,FT,Data Scientist,40900,GBP,56256,50,2,GBR,GBR,43044.983613571414,43044.983613571414,1.0,1.0
172,2021,2,FT,Cybersecurity Analyst,48000,GBP,66022,100,2,USA,GBR,56823.436824068805,43044.983613571414,0.0,0.0
173,2021,2,FT,Principal Site Reliability Engineer,175000,GBP,240707,100,2,USA,GBR,56823.436824068805,43044.983613571414,0.0,0.0
174,2021,0,FT,Infrastructure Engineer,50000,GBP,68773,100,2,USA,GBR,56823.436824068805,43044.983613571414,0.0,0.0
184,2021,1,FT,Applied Data Scientist,68000,CAD,54238,50,2,CAN,GBR,46991.21483238116,43044.983613571414,0.0,1.0
187,2021,2,FT,Infrastructure Engineer,67000,EUR,79197,100,1,GBR,ESP,43044.983613571414,34519.27185415612,0.0,0.0
191,2021,1,CT,DevOps Engineer,140000,EUR,165488,100,1,USA,ESP,56823.436824068805,34519.27185415612,0.0,0.0
210,2021,2,FT,Product Security Engineer,85000,EUR,100474,100,2,ESP,ESP,34519.27185415612,34519.27185415612,1.0,0.0
211,2021,1,FT,Machine Learning Engineer,40000,EUR,47282,100,0,ESP,ESP,34519.27185415612,34519.27185415612,1.0,1.0
214,2021,2,FT,DevOps Infrastructure Engineer,48500,EUR,57329,100,2,ESP,ESP,34519.27185415612,34519.27185415612,1.0,0.0
215,2021,2,FT,Manager of DevOps & Engineering Infrastructure,60000,EUR,70923,100,1,ESP,ESP,34519.27185415612,34519.27185415612,1.0,0.0
218,2021,1,FT,DevOps Infrastructure Engineer,40000,EUR,47282,100,2,ESP,ESP,34519.27185415612,34519.27185415612,1.0,0.0
219,2021,2,FT,AI Scientist,55000,USD,55000,100,2,ESP,ESP,34519.27185415612,34519.27185415612,1.0,1.0
220,2021,2,FT,Cloud Security Engineering Manager,55000,EUR,65013,100,2,ESP,ESP,34519.27185415612,34519.27185415612,1.0,0.0
221,2021,2,FT,DevOps Architect,32000,EUR,37825,100,2,ESP,ESP,34519.27185415612,34519.27185415612,1.0,0.0
222,2021,2,FT,DevOps Architect,38000,EUR,44918,50,2,ESP,ESP,34519.27185415612,34519.27185415612,1.0,0.0
223,2021,1,FT,Penetration Tester,33000,EUR,39007,100,1,ESP,ESP,34519.27185415612,34519.27185415612,1.0,0.0
226,2021,1,FT,Data Scientist,39600,EUR,46809,100,1,ESP,ESP,34519.27185415612,34519.27185415612,1.0,1.0
228,2021,1,FT,Data Scientist,32000,EUR,37825,100,2,ESP,ESP,34519.27185415612,34519.27185415612,1.0,1.0
230,2021,1,FT,Big Data Engineer,60000,USD,60000,50,1,ROU,ESP,20483.07830662258,34519.27185415612,0.0,1.0
232,2021,2,FT,Platform Engineer,90000,EUR,106385,100,1,BEL,ESP,44259.393111999234,34519.27185415612,0.0,0.0
234,2021,2,FT,Staff Site Reliability Engineer,180000,CAD,143572,100,1,GBR,CAN,43044.983613571414,46991.21483238116,0.0,0.0
243,2022,1,FT,Cyber Security Engineer,130000,CAD,103148,100,2,USA,CAN,56823.436824068805,46991.21483238116,0.0,0.0
247,2021,2,FT,Azure Cloud Engineer,100000,CAD,79762,100,2,USA,CAN,56823.436824068805,46991.21483238116,0.0,0.0
248,2021,2,FT,Cloud Operations Engineer,180000,CAD,143572,100,2,USA,CAN,56823.436824068805,46991.21483238116,0.0,0.0
249,2021,1,FT,Cloud Infrastructure Engineer,145000,CAD,115655,100,2,USA,CAN,56823.436824068805,46991.21483238116,0.0,0.0
250,2021,2,FT,Site Reliability Engineer,160000,CAD,127620,100,2,USA,CAN,56823.436824068805,46991.21483238116,0.0,0.0
252,2021,2,FT,DevOps Engineer,180000,CAD,143572,100,1,USA,CAN,56823.436824068805,46991.21483238116,0.0,0.0
254,2021,1,FT,DevOps Engineer,130000,CAD,103691,100,2,USA,CAN,56823.436824068805,46991.21483238116,0.0,0.0
256,2021,2,FT,Infrastructure Engineer,160000,CAD,127620,100,1,USA,CAN,56823.436824068805,46991.21483238116,0.0,0.0
319,2022,2,FT,DevOps Engineer,144000,CAD,114256,100,2,CAN,CAN,46991.21483238116,46991.21483238116,1.0,0.0
321,2022,1,FT,Information Security Specialist,100000,AUD,72046,100,2,CAN,CAN,46991.21483238116,46991.21483238116,1.0,0.0
322,2022,1,FT,Information Security Specialist,100000,CAD,79344,100,2,CAN,CAN,46991.21483238116,46991.21483238116,1.0,0.0
324,2022,0,FT,Cyber Threat Analyst,99000,USD,99000,100,2,CAN,CAN,46991.21483238116,46991.21483238116,1.0,0.0
326,2021,0,FT,DevOps Engineer,65000,CAD,51845,100,1,CAN,CAN,46991.21483238116,46991.21483238116,1.0,0.0
327,2020,2,FT,DevOps Engineer,95000,CAD,70859,50,0,CAN,CAN,46991.21483238116,46991.21483238116,1.0,0.0
328,2021,0,FT,DevOps Engineer,65000,CAD,51845,100,1,CAN,CAN,46991.21483238116,46991.21483238116,1.0,0.0
330,2021,3,FT,DevOps Manager,160000,CAD,127620,100,1,CAN,CAN,46991.21483238116,46991.21483238116,1.0,0.0
331,2021,2,FT,Ansible Automation Engineer,260000,CAD,207382,100,2,CAN,CAN,46991.21483238116,46991.21483238116,1.0,0.0
332,2021,1,FT,Data Scientist,95000,CAD,75774,100,2,CAN,CAN,46991.21483238116,46991.21483238116,1.0,1.0
333,2021,2,FT,Data Science Engineer,159500,CAD,127221,50,2,CAN,CAN,46991.21483238116,46991.21483238116,1.0,1.0
335,2021,2,FT,Site Reliability Engineer,105000,CAD,83750,100,2,CAN,CAN,46991.21483238116,46991.21483238116,1.0,0.0
336,2021,2,FT,DevSecOps Engineer,130000,CAD,103691,100,2,CAN,CAN,46991.21483238116,46991.21483238116,1.0,0.0
337,2021,2,FT,Cyber Security Specialist,95000,CAD,75774,100,0,CAN,CAN,46991.21483238116,46991.21483238116,1.0,0.0
338,2021,1,FT,Penetration Tester,80000,CAD,63810,100,2,CAN,CAN,46991.21483238116,46991.21483238116,1.0,0.0
339,2021,1,FT,SOC Analyst,80000,CAD,63810,100,2,CAN,CAN,46991.21483238116,46991.21483238116,1.0,0.0
340,2021,1,FT,Research Scientist,235000,CAD,187442,100,2,CAN,CAN,46991.21483238116,46991.21483238116,1.0,0.0
342,2021,3,FT,Chief Information Security Officer,300000,CAD,239287,50,0,CAN,CAN,46991.21483238116,46991.21483238116,1.0,0.0
343,2021,1,FT,Information Security Analyst,100000,CAD,79762,100,2,CAN,CAN,46991.21483238116,46991.21483238116,1.0,0.0
344,2021,2,FT,Information Security Manager,140000,CAD,111667,50,1,CAN,CAN,46991.21483238116,46991.21483238116,1.0,0.0
345,2021,2,FT,Information Security Specialist,85000,CAD,67798,50,2,CAN,CAN,46991.21483238116,46991.21483238116,1.0,0.0
346,2021,2,FT,Security Engineer,150000,CAD,119643,100,1,CAN,CAN,46991.21483238116,46991.21483238116,1.0,0.0
347,2021,2,FT,Data Scientist,130000,CAD,103691,100,2,CAN,CAN,46991.21483238116,46991.21483238116,1.0,1.0
348,2021,2,FT,Big Data Architect,125000,CAD,99703,50,1,CAN,CAN,46991.21483238116,46991.21483238116,1.0,1.0
349,2021,2,FT,Site Reliability Engineer,125000,CAD,99703,100,1,CAN,CAN,46991.21483238116,46991.21483238116,1.0,0.0
351,2021,1,FT,Site Reliability Engineer,100000,CAD,79762,100,2,CAN,CAN,46991.21483238116,46991.21483238116,1.0,0.0
352,2021,0,FT,DevOps Engineer,65000,CAD,51845,100,1,CAN,CAN,46991.21483238116,46991.21483238116,1.0,0.0
353,2021,0,FT,DevOps Engineer,70000,CAD,55833,100,2,CAN,CAN,46991.21483238116,46991.21483238116,1.0,0.0
354,2021,1,FT,Penetration Tester,95000,CAD,75774,100,2,CAN,CAN,46991.21483238116,46991.21483238116,1.0,0.0
355,2021,2,FT,DevOps Manager,95000,CAD,75774,100,1,CAN,CAN,46991.21483238116,46991.21483238116,1.0,0.0
356,2021,2,FT,Director of Infrastructure,250000,CAD,199406,100,1,CAN,CAN,46991.21483238116,46991.21483238116,1.0,0.0
357,2021,1,FT,DevSecOps Engineer,75000,CAD,59821,50,0,CAN,CAN,46991.21483238116,46991.21483238116,1.0,0.0
358,2021,1,FT,Site Reliability Engineer,138000,CAD,110072,100,2,CAN,CAN,46991.21483238116,46991.21483238116,1.0,0.0
360,2021,2,FT,Software QA Automation Engineer,108000,CAD,86143,100,2,CAN,CAN,46991.21483238116,46991.21483238116,1.0,0.0
361,2021,1,FT,DevOps Engineer,107000,CAD,85346,100,2,CAN,CAN,46991.21483238116,46991.21483238116,1.0,0.0
362,2021,1,FT,Azure Cloud Engineer,130000,CAD,103691,100,2,CAN,CAN,46991.21483238116,46991.21483238116,1.0,0.0
364,2021,2,FT,Platform Engineer,200000,CAD,159525,100,1,CAN,CAN,46991.21483238116,46991.21483238116,1.0,0.0
367,2021,2,FT,Platform Engineer,300000,CAD,239287,100,2,CAN,CAN,46991.21483238116,46991.21483238116,1.0,0.0
368,2021,1,FT,DevOps Engineer,100000,CAD,79762,100,1,CAN,CAN,46991.21483238116,46991.21483238116,1.0,0.0
369,2021,1,FT,DevOps Engineer,90000,CAD,71786,100,1,CAN,CAN,46991.21483238116,46991.21483238116,1.0,0.0
371,2020,2,FT,DevOps Engineer,95000,CAD,70859,50,0,CAN,CAN,46991.21483238116,46991.21483238116,1.0,0.0
372,2021,1,FT,Security Automation Engineer,96000,CAD,76572,100,0,CAN,CAN,46991.21483238116,46991.21483238116,1.0,0.0
373,2021,2,FT,Site Reliability Engineering Manager,180000,CAD,143572,100,2,CAN,CAN,46991.21483238116,46991.21483238116,1.0,0.0
374,2021,1,FT,DevOps Engineer,82000,CAD,65405,100,1,CAN,CAN,46991.21483238116,46991.21483238116,1.0,0.0
376,2021,2,FT,Principal Site Reliability Engineer,140000,CAD,111667,100,2,CAN,CAN,46991.21483238116,46991.21483238116,1.0,0.0
377,2021,1,FT,Cloud DevOps Engineer,125000,CAD,99703,50,2,CAN,CAN,46991.21483238116,46991.21483238116,1.0,0.0
378,2021,1,FT,Research Scientist,80000,CAD,63810,100,1,CAN,CAN,46991.21483238116,46991.21483238116,1.0,0.0
380,2021,0,FT,SOC Analyst,47000,CAD,37488,100,0,CAN,CAN,46991.21483238116,46991.21483238116,1.0,0.0
382,2021,3,FT,Information Security Architect,170000,CAD,135596,50,2,CAN,CAN,46991.21483238116,46991.21483238116,1.0,0.0
383,2021,0,FT,Information Security Analyst,76000,CAD,60619,100,1,CAN,CAN,46991.21483238116,46991.21483238116,1.0,0.0
384,2021,2,FT,Cyber Security Analyst,99000,CAD,78965,100,2,CAN,CAN,46991.21483238116,46991.21483238116,1.0,0.0
385,2021,2,FT,DevOps Engineer,105000,CAD,83750,50,1,CAN,CAN,46991.21483238116,46991.21483238116,1.0,0.0
387,2021,2,FT,DevOps Engineer,142000,CAD,113262,100,1,CAN,CAN,46991.21483238116,46991.21483238116,1.0,0.0
388,2021,2,FT,DevOps Engineer,135000,CAD,107679,100,1,CAN,CAN,46991.21483238116,46991.21483238116,1.0,0.0
390,2021,2,FT,DevOps Infrastructure Engineer,145000,CAD,115655,100,2,CAN,CAN,46991.21483238116,46991.21483238116,1.0,0.0
393,2021,2,FT,Penetration Tester,126000,CAD,100500,50,2,CAN,CAN,46991.21483238116,46991.21483238116,1.0,0.0
394,2021,2,FT,Penetration Tester,113500,CAD,90530,100,1,CAN,CAN,46991.21483238116,46991.21483238116,1.0,0.0
395,2021,0,FT,SOC Analyst,76000,CAD,60619,100,1,CAN,CAN,46991.21483238116,46991.21483238116,1.0,0.0
397,2021,2,FT,Data Scientist,110000,CAD,87738,100,0,CAN,CAN,46991.21483238116,46991.21483238116,1.0,1.0
398,2021,2,FT,Research Scientist,120500,CAD,96113,50,2,CAN,CAN,46991.21483238116,46991.21483238116,1.0,0.0
399,2021,2,FT,Data Analyst,90000,CAD,71786,100,1,CAN,CAN,46991.21483238116,46991.21483238116,1.0,1.0
408,2021,1,FT,Site Reliability Engineer,147000,CAD,117251,100,1,FIN,CAN,40817.35600371356,46991.21483238116,0.0,0.0
413,2021,2,FT,DevOps Architect,90000,GBP,123792,100,1,GBR,AUS,43044.983613571414,51178.49790290832,0.0,0.0
416,2021,3,FT,DevOps Manager,140000,USD,140000,100,1,USA,AUS,56823.436824068805,51178.49790290832,0.0,0.0
418,2021,2,FT,Cyber Security Analyst,145000,AUD,108822,100,2,USA,AUS,56823.436824068805,51178.49790290832,0.0,0.0
435,2021,3,FT,Head of Security,340000,AUD,255170,50,2,AUS,AUS,51178.49790290832,51178.49790290832,1.0,0.0
436,2021,1,FT,Information Security Manager,162000,AUD,121581,100,2,AUS,AUS,51178.49790290832,51178.49790290832,1.0,0.0
437,2021,0,FT,DevOps Engineer,80000,AUD,60040,50,0,AUS,AUS,51178.49790290832,51178.49790290832,1.0,0.0
439,2021,2,FT,Lead DevOps Engineer,160000,AUD,120080,100,2,AUS,AUS,51178.49790290832,51178.49790290832,1.0,0.0
440,2021,1,FT,DevOps Engineer,120000,AUD,90060,100,1,AUS,AUS,51178.49790290832,51178.49790290832,1.0,0.0
442,2021,2,FT,DevOps Engineer,115000,AUD,86307,50,1,AUS,AUS,51178.49790290832,51178.49790290832,1.0,0.0
443,2021,0,FT,Cloud DevOps Engineer,95000,AUD,71297,100,2,AUS,AUS,51178.49790290832,51178.49790290832,1.0,0.0
445,2021,3,FT,Manager of DevOps & Engineering Infrastructure,157000,AUD,117828,50,1,AUS,AUS,51178.49790290832,51178.49790290832,1.0,0.0
449,2021,2,FT,DevOps Engineer,133000,AUD,99816,50,1,AUS,AUS,51178.49790290832,51178.49790290832,1.0,0.0
450,2021,2,FT,DevOps Engineer,150000,AUD,112575,50,2,AUS,AUS,51178.49790290832,51178.49790290832,1.0,0.0
452,2021,2,FT,Penetration Tester,182000,AUD,136591,100,2,AUS,AUS,51178.49790290832,51178.49790290832,1.0,0.0
454,2021,0,FT,Cyber Security Engineer,75500,AUD,56662,100,1,AUS,AUS,51178.49790290832,51178.49790290832,1.0,0.0
455,2021,2,FT,Penetration Tester,180000,AUD,135090,100,0,AUS,AUS,51178.49790290832,51178.49790290832,1.0,0.0
458,2021,2,FT,Principal DevOps Engineer,151500,USD,151500,100,2,GBR,USA,43044.983613571414,56823.436824068805,0.0,0.0
824,2022,1,FT,Information Security Engineer,130000,USD,130000,100,2,USA,USA,56823.436824068805,56823.436824068805,1.0,0.0
885,2022,1,FT,Privacy Manager,150000,USD,150000,100,1,USA,USA,56823.436824068805,56823.436824068805,1.0,0.0
888,2022,2,FT,Lead Security Engineer,112000,USD,112000,100,2,USA,USA,56823.436824068805,56823.436824068805,1.0,0.0
889,2022,2,FT,Security Engineer,170000,USD,170000,100,2,USA,USA,56823.436824068805,56823.436824068805,1.0,0.0
890,2022,2,FT,Security Engineer,255000,USD,255000,100,2,USA,USA,56823.436824068805,56823.436824068805,1.0,0.0
891,2022,0,FT,Financial Data Analyst,100000,USD,100000,50,2,USA,USA,56823.436824068805,56823.436824068805,1.0,1.0
893,2022,3,FT,Head of Security,200000,USD,200000,100,2,USA,USA,56823.436824068805,56823.436824068805,1.0,0.0
894,2022,2,FT,IT Security Engineer,150000,USD,150000,100,2,USA,USA,56823.436824068805,56823.436824068805,1.0,0.0
897,2022,1,FT,Cyber Threat Analyst,88000,USD,88000,100,2,USA,USA,56823.436824068805,56823.436824068805,1.0,0.0
903,2022,1,FT,Information Security Manager,160000,USD,160000,50,2,USA,USA,56823.436824068805,56823.436824068805,1.0,0.0
906,2021,1,FT,Data Scientist,82500,USD,82500,100,0,USA,USA,56823.436824068805,56823.436824068805,1.0,1.0
909,2022,0,FT,Cybersecurity Analyst,52000,USD,52000,50,0,USA,USA,56823.436824068805,56823.436824068805,1.0,0.0
911,2022,1,FT,Security Engineer,110000,USD,110000,50,2,USA,USA,56823.436824068805,56823.436824068805,1.0,0.0
915,2022,0,FT,Data Engineer,120000,USD,120000,100,1,USA,USA,56823.436824068805,56823.436824068805,1.0,1.0
916,2021,2,FT,DevOps Engineer,189750,USD,189750,100,2,USA,USA,56823.436824068805,56823.436824068805,1.0,0.0
917,2021,1,FT,DevOps Engineer,131000,USD,131000,50,2,USA,USA,56823.436824068805,56823.436824068805,1.0,0.0
918,2021,1,FT,DevOps Engineer,224000,USD,224000,50,2,USA,USA,56823.436824068805,56823.436824068805,1.0,0.0
920,2021,2,FT,DevOps Engineer,175000,USD,175000,100,0,USA,USA,56823.436824068805,56823.436824068805,1.0,0.0
922,2021,1,FT,DevOps Engineer,115000,USD,115000,100,2,USA,USA,56823.436824068805,56823.436824068805,1.0,0.0
923,2021,2,FT,DevOps Engineer,200000,USD,200000,100,2,USA,USA,56823.436824068805,56823.436824068805,1.0,0.0
925,2021,2,FT,DevOps Engineer,150000,USD,150000,100,1,USA,USA,56823.436824068805,56823.436824068805,1.0,0.0
926,2021,2,FT,DevOps Engineer,92867,USD,92867,50,2,USA,USA,56823.436824068805,56823.436824068805,1.0,0.0
927,2021,2,FT,DevOps Engineer,189750,USD,189750,100,2,USA,USA,56823.436824068805,56823.436824068805,1.0,0.0
928,2021,1,FT,DevOps Engineer,131000,USD,131000,50,2,USA,USA,56823.436824068805,56823.436824068805,1.0,0.0
929,2021,1,FT,DevOps Engineer,224000,USD,224000,50,2,USA,USA,56823.436824068805,56823.436824068805,1.0,0.0
930,2021,1,FT,DevOps Engineer,100000,USD,100000,100,1,USA,USA,56823.436824068805,56823.436824068805,1.0,0.0
931,2021,2,FT,DevOps Engineer,175000,USD,175000,100,0,USA,USA,56823.436824068805,56823.436824068805,1.0,0.0
932,2021,2,FT,DevOps Engineer,150000,USD,150000,100,2,USA,USA,56823.436824068805,56823.436824068805,1.0,0.0
933,2021,1,FT,DevOps Engineer,115000,USD,115000,100,2,USA,USA,56823.436824068805,56823.436824068805,1.0,0.0
934,2021,2,FT,DevOps Engineer,200000,USD,200000,100,2,USA,USA,56823.436824068805,56823.436824068805,1.0,0.0
935,2020,1,FT,DevOps Engineer,110000,USD,110000,100,2,USA,USA,56823.436824068805,56823.436824068805,1.0,0.0
936,2021,2,FT,DevOps Engineer,150000,USD,150000,100,1,USA,USA,56823.436824068805,56823.436824068805,1.0,0.0
937,2021,2,FT,DevOps Engineer,92867,USD,92867,50,2,USA,USA,56823.436824068805,56823.436824068805,1.0,0.0
943,2022,1,FT,Information Security Officer,100000,USD,100000,50,2,USA,USA,56823.436824068805,56823.436824068805,1.0,0.0
946,2021,1,FT,Information Security Analyst,120000,USD,120000,100,2,USA,USA,56823.436824068805,56823.436824068805,1.0,0.0
950,2021,2,FT,Privacy Manager,120000,USD,120000,100,2,USA,USA,56823.436824068805,56823.436824068805,1.0,0.0
951,2021,2,FT,Principal Data Engineer,200000,USD,200000,100,1,USA,USA,56823.436824068805,56823.436824068805,1.0,1.0
953,2021,2,FT,IT Security Manager,146000,USD,146000,100,2,USA,USA,56823.436824068805,56823.436824068805,1.0,0.0
954,2021,1,FT,Cyber Security Analyst,135000,USD,135000,50,2,USA,USA,56823.436824068805,56823.436824068805,1.0,0.0
955,2021,3,FT,Head of Security,220000,USD,220000,50,2,USA,USA,56823.436824068805,56823.436824068805,1.0,0.0
956,2021,2,FT,Information Security Manager,185000,USD,185000,50,2,USA,USA,56823.436824068805,56823.436824068805,1.0,0.0
959,2021,1,FT,Cyber Security Engineer,97350,USD,97350,100,2,USA,USA,56823.436824068805,56823.436824068805,1.0,0.0
960,2021,0,FT,SOC Analyst,68500,USD,68500,50,1,USA,USA,56823.436824068805,56823.436824068805,1.0,0.0
963,2021,0,FT,Cyber Security Engineer,93000,USD,93000,100,2,USA,USA,56823.436824068805,56823.436824068805,1.0,0.0
964,2021,1,FT,Data Engineer,100000,USD,100000,100,2,USA,USA,56823.436824068805,56823.436824068805,1.0,1.0
965,2021,2,FT,Information Security Analyst,130000,USD,130000,100,2,USA,USA,56823.436824068805,56823.436824068805,1.0,0.0
967,2021,0,FT,Cyber Security Analyst,79000,USD,79000,100,2,USA,USA,56823.436824068805,56823.436824068805,1.0,0.0
968,2021,2,FT,DevOps Engineer,145000,USD,145000,100,2,USA,USA,56823.436824068805,56823.436824068805,1.0,0.0
970,2021,2,FT,Cybersecurity Training Specialist,130000,USD,130000,100,1,USA,USA,56823.436824068805,56823.436824068805,1.0,0.0
971,2021,1,FT,Data Architect,150000,USD,150000,100,2,USA,USA,56823.436824068805,56823.436824068805,1.0,1.0
972,2021,1,FT,Data Architect,170000,USD,170000,100,2,USA,USA,56823.436824068805,56823.436824068805,1.0,1.0
973,2021,0,FT,Cyber Security Analyst,75000,USD,75000,100,1,USA,USA,56823.436824068805,56823.436824068805,1.0,0.0
974,2021,2,FT,Principal Site Reliability Engineer,144658,USD,144658,100,1,USA,USA,56823.436824068805,56823.436824068805,1.0,0.0
975,2021,1,FT,Cyber Threat Intelligence Analyst,75000,USD,75000,100,2,USA,USA,56823.436824068805,56823.436824068805,1.0,0.0
976,2021,2,FT,Threat Intelligence Analyst,155000,USD,155000,100,0,USA,USA,56823.436824068805,56823.436824068805,1.0,0.0
977,2021,0,FT,BI Data Analyst,55000,USD,55000,50,0,USA,USA,56823.436824068805,56823.436824068805,1.0,1.0
978,2021,1,FT,Information Security Analyst,93600,USD,93600,100,2,USA,USA,56823.436824068805,56823.436824068805,1.0,0.0
979,2021,0,FT,Data Engineer,80000,USD,80000,100,2,USA,USA,56823.436824068805,56823.436824068805,1.0,1.0
980,2021,2,FT,Cyber Security Architect,205000,USD,205000,100,2,USA,USA,56823.436824068805,56823.436824068805,1.0,0.0
983,2021,0,FT,Cybersecurity Analyst,50000,USD,50000,100,2,USA,USA,56823.436824068805,56823.436824068805,1.0,0.0
984,2021,0,FT,SOC Analyst,72000,USD,72000,100,2,USA,USA,56823.436824068805,56823.436824068805,1.0,0.0
985,2021,2,FT,Data Analytics Manager,120000,USD,120000,100,1,USA,USA,56823.436824068805,56823.436824068805,1.0,1.0
986,2021,0,FT,Machine Learning Engineer,125000,USD,125000,100,0,USA,USA,56823.436824068805,56823.436824068805,1.0,1.0
987,2021,2,FT,Data Engineering Manager,153000,USD,153000,100,2,USA,USA,56823.436824068805,56823.436824068805,1.0,1.0
989,2021,1,FT,Data Scientist,150000,USD,150000,100,1,USA,USA,56823.436824068805,56823.436824068805,1.0,1.0
990,2021,2,FT,Manager Data Science,144000,USD,144000,100,2,USA,USA,56823.436824068805,56823.436824068805,1.0,1.0
991,2021,1,FT,Cloud Platform Engineer,135000,USD,135000,100,2,USA,USA,56823.436824068805,56823.436824068805,1.0,0.0
992,2021,1,FT,DevOps Engineer,141500,USD,141500,50,2,USA,USA,56823.436824068805,56823.436824068805,1.0,0.0
994,2021,1,FT,Cybersecurity Analyst,85000,USD,85000,100,0,USA,USA,56823.436824068805,56823.436824068805,1.0,0.0
995,2021,2,FT,Information Security Architect,140000,USD,140000,100,2,USA,USA,56823.436824068805,56823.436824068805,1.0,0.0
996,2021,2,FT,Information Security Specialist,92000,USD,92000,100,2,USA,USA,56823.436824068805,56823.436824068805,1.0,0.0
997,2021,1,FT,Data Engineer,90000,USD,90000,100,2,USA,USA,56823.436824068805,56823.436824068805,1.0,1.0
998,2021,2,FT,Site Reliability Engineer,140000,USD,140000,100,2,USA,USA,56823.436824068805,56823.436824068805,1.0,0.0
1000,2021,0,FT,Data Analyst,60000,USD,60000,100,0,USA,USA,56823.436824068805,56823.436824068805,1.0,1.0
1001,2021,0,FT,Data Analyst,90000,USD,90000,100,0,USA,USA,56823.436824068805,56823.436824068805,1.0,1.0
1002,2021,1,FT,Client Platform Engineer,165000,USD,165000,100,2,USA,USA,56823.436824068805,56823.436824068805,1.0,0.0
1003,2021,2,FT,Lead DevOps Engineer,185000,USD,185000,100,1,USA,USA,56823.436824068805,56823.436824068805,1.0,0.0
1005,2021,1,FT,Cloud DevOps Engineer,127000,USD,127000,100,1,USA,USA,56823.436824068805,56823.436824068805,1.0,0.0
1006,2021,2,FT,Cyber Security Engineer,216000,USD,216000,100,2,USA,USA,56823.436824068805,56823.436824068805,1.0,0.0
1007,2021,2,FT,DevOps Engineer,160000,USD,160000,50,0,USA,USA,56823.436824068805,56823.436824068805,1.0,0.0
1009,2021,2,FT,Cloud DevOps Systems Engineer,150000,USD,150000,50,1,USA,USA,56823.436824068805,56823.436824068805,1.0,0.0
1010,2021,0,FT,Penetration Tester,70000,USD,70000,50,0,USA,USA,56823.436824068805,56823.436824068805,1.0,0.0
1011,2021,1,FT,Data Analytics Engineer,110000,USD,110000,100,2,USA,USA,56823.436824068805,56823.436824068805,1.0,1.0
1012,2021,2,FT,Security Engineer,130000,USD,130000,100,1,USA,USA,56823.436824068805,56823.436824068805,1.0,0.0
1013,2021,2,FT,Lead Security Engineer,150000,USD,150000,100,1,USA,USA,56823.436824068805,56823.436824068805,1.0,0.0
1015,2021,2,FT,Cybersecurity Engineer,175000,USD,175000,100,2,USA,USA,56823.436824068805,56823.436824068805,1.0,0.0
1016,2021,1,FT,Cyber Security Engineer,220000,USD,220000,50,1,USA,USA,56823.436824068805,56823.436824068805,1.0,0.0
1018,2021,2,FT,Incident Response Analyst,120000,USD,120000,100,2,USA,USA,56823.436824068805,56823.436824068805,1.0,0.0
1019,2021,0,FT,Information Security Analyst,75000,USD,75000,50,2,USA,USA,56823.436824068805,56823.436824068805,1.0,0.0
1020,2021,1,FT,Cyber Security Analyst,96000,USD,96000,50,2,USA,USA,56823.436824068805,56823.436824068805,1.0,0.0
1021,2021,0,FT,Cybersecurity Analyst,75000,USD,75000,100,2,USA,USA,56823.436824068805,56823.436824068805,1.0,0.0
1022,2021,0,FT,Information Security Analyst,65000,USD,65000,100,2,USA,USA,56823.436824068805,56823.436824068805,1.0,0.0
1023,2021,1,FT,Data Engineer,140000,USD,140000,100,2,USA,USA,56823.436824068805,56823.436824068805,1.0,1.0
1026,2021,0,FT,Data Analyst,80000,USD,80000,100,1,USA,USA,56823.436824068805,56823.436824068805,1.0,1.0
1027,2021,2,FT,Lead Data Analyst,170000,USD,170000,100,2,USA,USA,56823.436824068805,56823.436824068805,1.0,1.0
1030,2021,1,FT,Cyber Security Engineer,72000,USD,72000,50,1,USA,USA,56823.436824068805,56823.436824068805,1.0,0.0
1031,2021,0,FT,DevOps Engineer,102000,USD,102000,100,2,USA,USA,56823.436824068805,56823.436824068805,1.0,0.0
1032,2021,1,FT,IT Security Engineer,169000,USD,169000,50,2,USA,USA,56823.436824068805,56823.436824068805,1.0,0.0
1034,2021,1,FT,BI Data Analyst,100000,USD,100000,100,1,USA,USA,56823.436824068805,56823.436824068805,1.0,1.0
1035,2021,3,FT,Head of Data,235000,USD,235000,100,2,USA,USA,56823.436824068805,56823.436824068805,1.0,1.0
1036,2021,2,FT,DevOps Engineer,92867,USD,92867,50,2,USA,USA,56823.436824068805,56823.436824068805,1.0,0.0
1037,2021,0,FT,Information Security Engineer,85000,USD,85000,100,2,USA,USA,56823.436824068805,56823.436824068805,1.0,0.0
1038,2021,1,FT,IT Security Engineer,90000,USD,90000,50,2,USA,USA,56823.436824068805,56823.436824068805,1.0,0.0
1039,2021,1,FT,Security Analyst,97000,USD,97000,100,2,USA,USA,56823.436824068805,56823.436824068805,1.0,0.0
1040,2021,0,FT,Machine Learning Scientist,225000,USD,225000,100,2,USA,USA,56823.436824068805,56823.436824068805,1.0,1.0
1041,2021,0,FT,DevSecOps Engineer,77750,USD,77750,100,2,USA,USA,56823.436824068805,56823.436824068805,1.0,0.0
1042,2021,2,FT,Cloud Security Engineer,170000,USD,170000,100,2,USA,USA,56823.436824068805,56823.436824068805,1.0,0.0
1045,2021,0,FT,Cyber Threat Intelligence Analyst,77000,USD,77000,100,2,USA,USA,56823.436824068805,56823.436824068805,1.0,0.0
1046,2021,0,FT,Cyber Security Analyst,63700,USD,63700,100,2,USA,USA,56823.436824068805,56823.436824068805,1.0,0.0
1048,2021,2,FT,Data Engineer,115000,USD,115000,100,0,USA,USA,56823.436824068805,56823.436824068805,1.0,1.0
1049,2021,1,FT,Site Reliability Engineer,210000,USD,210000,50,2,USA,USA,56823.436824068805,56823.436824068805,1.0,0.0
1053,2021,2,FT,DevOps Manager,165000,USD,165000,100,2,USA,USA,56823.436824068805,56823.436824068805,1.0,0.0
1054,2021,1,FT,SOC Analyst,75000,USD,75000,100,1,USA,USA,56823.436824068805,56823.436824068805,1.0,0.0
1056,2021,2,FT,Cyber Security Analyst,85000,USD,85000,50,2,USA,USA,56823.436824068805,56823.436824068805,1.0,0.0
1057,2021,1,FT,DevOps Engineer,100000,USD,100000,100,0,USA,USA,56823.436824068805,56823.436824068805,1.0,0.0
1058,2021,2,FT,Site Reliability Engineer,115000,USD,115000,50,2,USA,USA,56823.436824068805,56823.436824068805,1.0,0.0
1059,2021,2,FT,Information Security Manager,180000,USD,180000,100,2,USA,USA,56823.436824068805,56823.436824068805,1.0,0.0
1061,2021,0,FT,Ethical Hacker,119000,USD,119000,100,2,USA,USA,56823.436824068805,56823.436824068805,1.0,0.0
1064,2021,0,FT,Penetration Tester,98000,USD,98000,50,2,USA,USA,56823.436824068805,56823.436824068805,1.0,0.0
1067,2021,3,FT,IAM Engineer,240000,USD,240000,50,2,USA,USA,56823.436824068805,56823.436824068805,1.0,0.0
1068,2021,2,FT,Information Security Officer,124000,USD,124000,50,2,USA,USA,56823.436824068805,56823.436824068805,1.0,0.0
1069,2021,0,FT,Cyber Security Specialist,45100,USD,45100,50,2,USA,USA,56823.436824068805,56823.436824068805,1.0,0.0
1070,2021,1,FT,Penetration Testing Engineer,127000,USD,127000,100,2,USA,USA,56823.436824068805,56823.436824068805,1.0,0.0
1073,2021,2,FT,Cloud Architect,200000,USD,200000,50,1,USA,USA,56823.436824068805,56823.436824068805,1.0,0.0
1075,2021,1,FT,Site Reliability Engineer,125000,USD,125000,100,2,USA,USA,56823.436824068805,56823.436824068805,1.0,0.0
1076,2021,1,FT,Penetration Tester,120000,USD,120000,100,1,USA,USA,56823.436824068805,56823.436824068805,1.0,0.0
1077,2021,1,FT,Cyber Security Analyst,85000,USD,85000,100,2,USA,USA,56823.436824068805,56823.436824068805,1.0,0.0
1078,2021,3,FT,Chief Information Security Officer,130000,USD,130000,100,2,USA,USA,56823.436824068805,56823.436824068805,1.0,0.0
1082,2021,1,FT,Cyber Security Analyst,145000,USD,145000,50,2,USA,USA,56823.436824068805,56823.436824068805,1.0,0.0
1083,2021,1,FT,Cybersecurity Analyst,92000,USD,92000,100,2,USA,USA,56823.436824068805,56823.436824068805,1.0,0.0
1084,2021,2,FT,Principal Cloud Security Engineer,130000,USD,130000,100,2,USA,USA,56823.436824068805,56823.436824068805,1.0,0.0
1085,2021,0,FT,Cybersecurity Analyst,70000,USD,70000,100,2,USA,USA,56823.436824068805,56823.436824068805,1.0,0.0
1086,2021,1,FT,Information Security Manager,100000,USD,100000,50,1,USA,USA,56823.436824068805,56823.436824068805,1.0,0.0
1087,2021,1,FT,Cyber Security Engineer,130000,USD,130000,50,2,USA,USA,56823.436824068805,56823.436824068805,1.0,0.0
1088,2021,1,FT,Cyber Security Analyst,150000,USD,150000,50,1,USA,USA,56823.436824068805,56823.436824068805,1.0,0.0
1089,2021,1,FT,Infrastructure Security Engineer,120000,USD,120000,50,2,USA,USA,56823.436824068805,56823.436824068805,1.0,0.0
1091,2021,2,FT,Information Security Manager,123000,USD,123000,100,2,USA,USA,56823.436824068805,56823.436824068805,1.0,0.0
1092,2021,0,FT,Computer Vision Software Engineer,70000,USD,70000,100,1,USA,USA,56823.436824068805,56823.436824068805,1.0,0.0
1093,2021,1,FT,Infrastructure Engineer,132000,USD,132000,100,2,USA,USA,56823.436824068805,56823.436824068805,1.0,0.0
1097,2021,1,FT,Principal DevOps Engineer,145000,USD,145000,100,2,USA,USA,56823.436824068805,56823.436824068805,1.0,0.0
1098,2021,0,FT,Cloud DevOps Engineer,85000,USD,85000,50,2,USA,USA,56823.436824068805,56823.436824068805,1.0,0.0
1099,2021,2,FT,Penetration Tester,195000,USD,195000,100,2,USA,USA,56823.436824068805,56823.436824068805,1.0,0.0
1100,2021,0,FT,IT Security Analyst,62000,USD,62000,50,2,USA,USA,56823.436824068805,56823.436824068805,1.0,0.0
1103,2021,3,FT,Information Security Manager,172500,USD,172500,100,1,USA,USA,56823.436824068805,56823.436824068805,1.0,0.0
1104,2021,1,FT,Cyber Security Analyst,90000,USD,90000,100,2,USA,USA,56823.436824068805,56823.436824068805,1.0,0.0
1105,2021,2,FT,Product Security Engineer,120000,USD,120000,100,2,USA,USA,56823.436824068805,56823.436824068805,1.0,0.0
1108,2021,2,FT,Cybersecurity Engineer,125000,USD,125000,100,2,USA,USA,56823.436824068805,56823.436824068805,1.0,0.0
1109,2021,0,FT,Penetration Tester,78000,USD,78000,100,2,USA,USA,56823.436824068805,56823.436824068805,1.0,0.0
1110,2021,1,FT,Incident Response Analyst,145000,USD,145000,100,2,USA,USA,56823.436824068805,56823.436824068805,1.0,0.0
1111,2021,1,FT,Information Security Analyst,120000,USD,120000,100,2,USA,USA,56823.436824068805,56823.436824068805,1.0,0.0
1114,2021,3,FT,Chief Information Security Officer,104000,USD,104000,100,2,USA,USA,56823.436824068805,56823.436824068805,1.0,0.0
1115,2021,3,FT,Head of Security,187000,USD,187000,100,2,USA,USA,56823.436824068805,56823.436824068805,1.0,0.0
1116,2021,2,FT,Information Security Manager,150000,USD,150000,100,1,USA,USA,56823.436824068805,56823.436824068805,1.0,0.0
1119,2021,3,FT,Information Security Officer,142000,USD,142000,50,2,USA,USA,56823.436824068805,56823.436824068805,1.0,0.0
1120,2021,3,FT,Head of Security,200000,USD,200000,100,2,USA,USA,56823.436824068805,56823.436824068805,1.0,0.0
1121,2021,1,FT,Cybersecurity Engineer,76500,USD,76500,100,2,USA,USA,56823.436824068805,56823.436824068805,1.0,0.0
1122,2021,1,FT,SOC Analyst,120000,USD,120000,100,2,USA,USA,56823.436824068805,56823.436824068805,1.0,0.0
1125,2021,0,FT,Cybersecurity Engineer,75000,USD,75000,100,2,USA,USA,56823.436824068805,56823.436824068805,1.0,0.0
1127,2021,1,FT,Information Security Engineer,80000,USD,80000,100,1,USA,USA,56823.436824068805,56823.436824068805,1.0,0.0
1128,2021,2,FT,Information Security Manager,100000,USD,100000,100,2,USA,USA,56823.436824068805,56823.436824068805,1.0,0.0
1129,2021,1,FT,Cyber Security Engineer,98000,USD,98000,100,2,USA,USA,56823.436824068805,56823.436824068805,1.0,0.0
1130,2021,2,FT,Chief Information Security Officer,240000,USD,240000,100,0,USA,USA,56823.436824068805,56823.436824068805,1.0,0.0
1132,2021,1,FT,Information Security Engineer,119000,USD,119000,100,2,USA,USA,56823.436824068805,56823.436824068805,1.0,0.0
1133,2021,2,FT,Product Security Engineer,150000,USD,150000,100,2,USA,USA,56823.436824068805,56823.436824068805,1.0,0.0
1134,2021,0,FT,Security Analyst,100300,USD,100300,100,2,USA,USA,56823.436824068805,56823.436824068805,1.0,0.0
1136,2021,0,FT,Security Analyst,60008,USD,60008,50,2,USA,USA,56823.436824068805,56823.436824068805,1.0,0.0
1138,2021,2,FT,Cyber Security Architect,141000,USD,141000,50,2,USA,USA,56823.436824068805,56823.436824068805,1.0,0.0
1139,2021,1,FT,Data Analyst,80000,USD,80000,100,2,USA,USA,56823.436824068805,56823.436824068805,1.0,1.0
1140,2021,2,FT,Data Scientist,165000,USD,165000,100,2,USA,USA,56823.436824068805,56823.436824068805,1.0,1.0
1142,2021,2,FT,Principal Data Analyst,170000,USD,170000,100,1,USA,USA,56823.436824068805,56823.436824068805,1.0,1.0
1143,2021,0,FT,Data Scientist,90000,USD,90000,100,0,USA,USA,56823.436824068805,56823.436824068805,1.0,1.0
1144,2021,1,FT,Data Analyst,93000,USD,93000,100,2,USA,USA,56823.436824068805,56823.436824068805,1.0,1.0
1145,2021,2,FT,Data Engineering Manager,174000,USD,174000,100,2,USA,USA,56823.436824068805,56823.436824068805,1.0,1.0
1146,2021,1,FT,Data Engineer,200000,USD,200000,100,2,USA,USA,56823.436824068805,56823.436824068805,1.0,1.0
1151,2021,2,FT,Lead DevOps Engineer,125000,USD,125000,100,1,USA,USA,56823.436824068805,56823.436824068805,1.0,0.0
1153,2021,1,FT,DevOps Automation Engineer,120000,USD,120000,100,2,USA,USA,56823.436824068805,56823.436824068805,1.0,0.0
1156,2020,1,FT,DevOps Engineer,110000,USD,110000,100,2,USA,USA,56823.436824068805,56823.436824068805,1.0,0.0
1157,2021,1,FT,Platform Engineer,100000,USD,100000,100,2,USA,USA,56823.436824068805,56823.436824068805,1.0,0.0
1158,2021,1,FT,Site Reliability Engineer,141800,USD,141800,50,2,USA,USA,56823.436824068805,56823.436824068805,1.0,0.0
1159,2021,0,FT,Platform Engineer,135000,USD,135000,100,2,USA,USA,56823.436824068805,56823.436824068805,1.0,0.0
1161,2021,2,FT,Cloud Engineer,110000,USD,110000,50,1,USA,USA,56823.436824068805,56823.436824068805,1.0,0.0
1163,2021,2,FT,DevOps Architect,150000,USD,150000,50,2,USA,USA,56823.436824068805,56823.436824068805,1.0,0.0
1164,2021,1,FT,Cloud DevOps Engineer,135000,USD,135000,50,0,USA,USA,56823.436824068805,56823.436824068805,1.0,0.0
1165,2021,0,FT,Cloud DevOps Engineer,78000,USD,78000,100,1,USA,USA,56823.436824068805,56823.436824068805,1.0,0.0
1166,2021,1,FT,Site Reliability Engineer,126500,USD,126500,100,2,USA,USA,56823.436824068805,56823.436824068805,1.0,0.0
1167,2021,1,FT,DevOps Engineer,165000,USD,165000,100,0,USA,USA,56823.436824068805,56823.436824068805,1.0,0.0
1170,2021,2,FT,Cloud DevOps Engineer,150000,USD,150000,100,2,USA,USA,56823.436824068805,56823.436824068805,1.0,0.0
1172,2021,1,FT,Platform Engineer,167000,USD,167000,50,2,USA,USA,56823.436824068805,56823.436824068805,1.0,0.0
1174,2021,1,FT,DevOps Manager,100000,USD,100000,100,2,USA,USA,56823.436824068805,56823.436824068805,1.0,0.0
1177,2021,2,FT,Infrastructure Engineer,130000,USD,130000,100,2,USA,USA,56823.436824068805,56823.436824068805,1.0,0.0
1178,2021,2,CT,Cloud Architect,195000,USD,195000,100,1,USA,USA,56823.436824068805,56823.436824068805,1.0,0.0
1180,2021,2,FT,Site Reliability Engineer,156000,USD,156000,100,2,USA,USA,56823.436824068805,56823.436824068805,1.0,0.0
1181,2021,2,FT,DevOps Manager,167000,USD,167000,100,2,USA,USA,56823.436824068805,56823.436824068805,1.0,0.0
1182,2021,1,FT,DevOps Team Lead,150000,USD,150000,100,1,USA,USA,56823.436824068805,56823.436824068805,1.0,0.0
1183,2021,2,FT,Cloud Infrastructure Architect,202000,USD,202000,50,1,USA,USA,56823.436824068805,56823.436824068805,1.0,0.0
1184,2021,1,FT,Azure Cloud Engineer,100000,USD,100000,100,2,USA,USA,56823.436824068805,56823.436824068805,1.0,0.0
1185,2021,2,FT,DevOps Engineer,205000,USD,205000,100,2,USA,USA,56823.436824068805,56823.436824068805,1.0,0.0
1187,2021,1,FT,DevOps Engineer,130000,USD,130000,100,1,USA,USA,56823.436824068805,56823.436824068805,1.0,0.0
1188,2021,2,FT,DevOps Team Lead,170000,USD,170000,100,2,USA,USA,56823.436824068805,56823.436824068805,1.0,0.0
1189,2021,2,FT,Platform Engineer,190000,USD,190000,100,2,USA,USA,56823.436824068805,56823.436824068805,1.0,0.0
1190,2021,2,FT,Cloud DevOps Engineer,160000,USD,160000,100,2,USA,USA,56823.436824068805,56823.436824068805,1.0,0.0
1191,2021,1,FT,Cloud DevOps Engineer,138000,USD,138000,100,2,USA,USA,56823.436824068805,56823.436824068805,1.0,0.0
1193,2021,3,FT,Director of Infrastructure,225000,USD,225000,100,2,USA,USA,56823.436824068805,56823.436824068805,1.0,0.0
1194,2021,1,FT,DevOps Engineer,121000,USD,121000,100,2,USA,USA,56823.436824068805,56823.436824068805,1.0,0.0
1196,2021,2,FT,Cloud Engineer,140000,USD,140000,100,2,USA,USA,56823.436824068805,56823.436824068805,1.0,0.0
1197,2021,1,FT,DevOps Team Lead,87500,USD,87500,100,2,USA,USA,56823.436824068805,56823.436824068805,1.0,0.0
1199,2021,1,FT,Cloud Engineer,100000,USD,100000,50,2,USA,USA,56823.436824068805,56823.436824068805,1.0,0.0
1200,2021,2,FT,DevOps Engineer,200000,USD,200000,100,2,USA,USA,56823.436824068805,56823.436824068805,1.0,0.0
1204,2021,2,FT,DevOps Engineer,105000,USD,105000,50,0,USA,USA,56823.436824068805,56823.436824068805,1.0,0.0
1205,2021,0,FT,Infrastructure Python Developer,74000,USD,74000,100,2,USA,USA,56823.436824068805,56823.436824068805,1.0,0.0
1206,2021,1,FT,Site Reliability Engineer,135000,USD,135000,100,2,USA,USA,56823.436824068805,56823.436824068805,1.0,0.0
1207,2021,1,FT,DevOps Engineer,120000,USD,120000,100,1,USA,USA,56823.436824068805,56823.436824068805,1.0,0.0
1208,2021,0,FT,Platform Engineer,126000,USD,126000,100,2,USA,USA,56823.436824068805,56823.436824068805,1.0,0.0
1210,2021,0,FT,DevOps Engineer,78000,USD,78000,100,2,USA,USA,56823.436824068805,56823.436824068805,1.0,0.0
1212,2021,3,FT,DevOps Consultant,181000,USD,181000,50,2,USA,USA,56823.436824068805,56823.436824068805,1.0,0.0
1213,2021,0,FT,DevOps Engineer,70000,USD,70000,100,2,USA,USA,56823.436824068805,56823.436824068805,1.0,0.0
1215,2021,2,FT,Lead Platform Engineer,162000,USD,162000,100,2,USA,USA,56823.436824068805,56823.436824068805,1.0,0.0
1216,2021,2,FT,Cloud Architect,140000,USD,140000,100,2,USA,USA,56823.436824068805,56823.436824068805,1.0,0.0
1217,2021,2,FT,DevOps Engineer,150000,USD,150000,100,2,USA,USA,56823.436824068805,56823.436824068805,1.0,0.0
1218,2021,2,FT,DevOps Engineer,189750,USD,189750,100,2,USA,USA,56823.436824068805,56823.436824068805,1.0,0.0
1219,2021,1,FT,DevOps Engineer,135000,USD,135000,100,2,USA,USA,56823.436824068805,56823.436824068805,1.0,0.0
1220,2021,1,FT,Infrastructure Engineer,72000,USD,72000,100,2,USA,USA,56823.436824068805,56823.436824068805,1.0,0.0
1221,2021,1,CT,Data Infrastructure Engineer,214000,USD,214000,100,2,USA,USA,56823.436824068805,56823.436824068805,1.0,1.0
1222,2021,2,FT,Cloud Platform Engineer,135000,USD,135000,100,2,USA,USA,56823.436824068805,56823.436824068805,1.0,0.0
1223,2021,0,FT,Site Reliability Engineer,115000,USD,115000,100,1,USA,USA,56823.436824068805,56823.436824068805,1.0,0.0
1224,2021,2,FT,Azure Cloud Engineer,152500,USD,152500,50,2,USA,USA,56823.436824068805,56823.436824068805,1.0,0.0
1225,2021,1,FT,DevOps Engineer,80000,USD,80000,50,2,USA,USA,56823.436824068805,56823.436824068805,1.0,0.0
1226,2021,2,FT,Lead DevOps Engineer,134000,USD,134000,100,2,USA,USA,56823.436824068805,56823.436824068805,1.0,0.0
1227,2021,3,FT,Cloud Architect,260000,USD,260000,100,2,USA,USA,56823.436824068805,56823.436824068805,1.0,0.0
1229,2021,2,FT,Cloud Security Engineer,150000,USD,150000,100,2,USA,USA,56823.436824068805,56823.436824068805,1.0,0.0
1230,2021,2,FT,Site Reliability Engineer,123000,USD,123000,100,2,USA,USA,56823.436824068805,56823.436824068805,1.0,0.0
1231,2021,2,FT,Principal DevOps Engineer,195000,USD,195000,100,1,USA,USA,56823.436824068805,56823.436824068805,1.0,0.0
1233,2021,1,FT,Cloud Engineer,150000,USD,150000,100,2,USA,USA,56823.436824068805,56823.436824068805,1.0,0.0
1236,2021,2,FT,Staff DevOps Engineer,180000,USD,180000,100,2,USA,USA,56823.436824068805,56823.436824068805,1.0,0.0
1237,2021,2,FT,Azure DevOps Engineer,160000,USD,160000,100,1,USA,USA,56823.436824068805,56823.436824068805,1.0,0.0
1238,2021,1,FT,DevOps Engineer,131000,USD,131000,50,2,USA,USA,56823.436824068805,56823.436824068805,1.0,0.0
1239,2021,2,FT,Cloud Architect,238000,USD,238000,100,1,USA,USA,56823.436824068805,56823.436824068805,1.0,0.0
1243,2021,2,FT,Cloud Operations Engineer,140000,USD,140000,100,2,USA,USA,56823.436824068805,56823.436824068805,1.0,0.0
1244,2021,0,FT,DevOps Engineer,92000,USD,92000,100,2,USA,USA,56823.436824068805,56823.436824068805,1.0,0.0
1245,2021,2,FT,Cloud Infrastructure Engineer,145000,USD,145000,100,2,USA,USA,56823.436824068805,56823.436824068805,1.0,0.0
1246,2021,1,FT,DevOps Engineer,133000,USD,133000,100,1,USA,USA,56823.436824068805,56823.436824068805,1.0,0.0
1247,2021,2,FT,DevOps Architect,180000,USD,180000,100,2,USA,USA,56823.436824068805,56823.436824068805,1.0,0.0
1248,2021,2,FT,Lead DevOps Engineer,260000,USD,260000,100,2,USA,USA,56823.436824068805,56823.436824068805,1.0,0.0
1251,2021,2,FT,DevOps Manager,100000,USD,100000,100,2,USA,USA,56823.436824068805,56823.436824068805,1.0,0.0
1252,2021,2,FT,Staff DevOps Engineer,210000,USD,210000,100,2,USA,USA,56823.436824068805,56823.436824068805,1.0,0.0
1255,2021,1,FT,Cloud Infrastructure Architect,190000,USD,190000,100,1,USA,USA,56823.436824068805,56823.436824068805,1.0,0.0
1256,2021,0,FT,Site Reliability Engineer,88600,USD,88600,100,1,USA,USA,56823.436824068805,56823.436824068805,1.0,0.0
1257,2021,0,FT,Cloud Engineer,62000,USD,62000,100,1,USA,USA,56823.436824068805,56823.436824068805,1.0,0.0
1258,2021,1,FT,DevOps Engineer,121000,USD,121000,50,2,USA,USA,56823.436824068805,56823.436824068805,1.0,0.0
1261,2021,2,FT,DevOps Engineer,185000,USD,185000,100,1,USA,USA,56823.436824068805,56823.436824068805,1.0,0.0
1262,2021,2,FT,Cloud Engineer,145000,USD,145000,100,2,USA,USA,56823.436824068805,56823.436824068805,1.0,0.0
1263,2021,1,FT,DevOps Engineer,224000,USD,224000,50,2,USA,USA,56823.436824068805,56823.436824068805,1.0,0.0
1265,2021,1,FT,DevOps Engineer,100500,USD,100500,100,2,USA,USA,56823.436824068805,56823.436824068805,1.0,0.0
1267,2021,2,FT,Cloud Infrastructure Engineer,185000,USD,185000,100,1,USA,USA,56823.436824068805,56823.436824068805,1.0,0.0
1268,2021,1,FT,DevOps Architect,145000,USD,145000,100,1,USA,USA,56823.436824068805,56823.436824068805,1.0,0.0
1269,2021,2,FT,Cloud Architect,145000,USD,145000,100,2,USA,USA,56823.436824068805,56823.436824068805,1.0,0.0
1270,2021,1,FT,DevOps Engineer,105000,USD,105000,100,2,USA,USA,56823.436824068805,56823.436824068805,1.0,0.0
1271,2021,1,FT,Site Reliability Engineer,132000,USD,132000,100,2,USA,USA,56823.436824068805,56823.436824068805,1.0,0.0
1272,2021,2,FT,Lead DevOps Engineer,222000,USD,222000,100,1,USA,USA,56823.436824068805,56823.436824068805,1.0,0.0
1273,2021,1,FT,DevOps Consultant,205000,USD,205000,100,2,USA,USA,56823.436824068805,56823.436824068805,1.0,0.0
1274,2021,2,FT,Cloud Infrastructure Engineer,205000,USD,205000,100,2,USA,USA,56823.436824068805,56823.436824068805,1.0,0.0
1275,2021,2,FT,Director of Infrastructure,116000,USD,116000,100,0,USA,USA,56823.436824068805,56823.436824068805,1.0,0.0
1276,2021,1,FT,Infrastructure Engineer,90000,USD,90000,100,2,USA,USA,56823.436824068805,56823.436824068805,1.0,0.0
1278,2021,2,CT,Cloud DevOps Engineer,170000,USD,170000,100,2,USA,USA,56823.436824068805,56823.436824068805,1.0,0.0
1279,2021,1,FT,Infrastructure Engineer,250000,USD,250000,100,1,USA,USA,56823.436824068805,56823.436824068805,1.0,0.0
1280,2021,0,FT,DevOps Engineer,150000,USD,150000,100,1,USA,USA,56823.436824068805,56823.436824068805,1.0,0.0
1281,2021,3,FT,Site Reliability Engineering Manager,170000,USD,170000,100,1,USA,USA,56823.436824068805,56823.436824068805,1.0,0.0
1282,2021,1,FT,Cloud Engineer,151000,USD,151000,50,2,USA,USA,56823.436824068805,56823.436824068805,1.0,0.0
1283,2021,2,FT,Site Reliability Engineer,178000,USD,178000,100,1,USA,USA,56823.436824068805,56823.436824068805,1.0,0.0
1284,2021,3,FT,DevOps Manager,150000,USD,150000,100,2,USA,USA,56823.436824068805,56823.436824068805,1.0,0.0
1285,2021,0,FT,Cloud Engineer,80000,USD,80000,100,2,USA,USA,56823.436824068805,56823.436824068805,1.0,0.0
1286,2021,0,CT,Azure DevOps Engineer,50000,USD,50000,100,2,USA,USA,56823.436824068805,56823.436824068805,1.0,0.0
1289,2021,2,FT,DevOps Engineer,155000,USD,155000,100,2,USA,USA,56823.436824068805,56823.436824068805,1.0,0.0
1290,2021,2,FT,Site Reliability Engineer,203000,USD,203000,100,2,USA,USA,56823.436824068805,56823.436824068805,1.0,0.0
1291,2021,2,FT,Cloud Infrastructure Engineer,146000,USD,146000,100,1,USA,USA,56823.436824068805,56823.436824068805,1.0,0.0
1292,2021,1,FT,DevOps Consultant,100000,USD,100000,100,1,USA,USA,56823.436824068805,56823.436824068805,1.0,0.0
1293,2021,0,FT,DevOps Engineer,126500,USD,126500,100,2,USA,USA,56823.436824068805,56823.436824068805,1.0,0.0
1294,2021,1,FT,DevOps Engineer,100000,USD,100000,100,1,USA,USA,56823.436824068805,56823.436824068805,1.0,0.0
1295,2021,2,FT,Infrastructure Engineer,210000,USD,210000,100,2,USA,USA,56823.436824068805,56823.436824068805,1.0,0.0
1298,2021,0,FT,Cloud Infrastructure Engineer,95000,USD,95000,100,1,USA,USA,56823.436824068805,56823.436824068805,1.0,0.0
1299,2021,2,FT,DevOps Engineer,175000,USD,175000,100,0,USA,USA,56823.436824068805,56823.436824068805,1.0,0.0
1302,2021,2,FT,Staff DevOps Engineer,195000,USD,195000,100,1,USA,USA,56823.436824068805,56823.436824068805,1.0,0.0
1303,2021,2,FT,DevOps Engineer,150000,USD,150000,100,2,USA,USA,56823.436824068805,56823.436824068805,1.0,0.0
1304,2021,2,FT,Site Reliability Engineer,135000,USD,135000,50,1,USA,USA,56823.436824068805,56823.436824068805,1.0,0.0
1305,2021,0,FT,Site Reliability Engineer,74000,USD,74000,100,2,USA,USA,56823.436824068805,56823.436824068805,1.0,0.0
1308,2021,2,FT,DevOps Team Lead,145000,USD,145000,100,1,USA,USA,56823.436824068805,56823.436824068805,1.0,0.0
1309,2021,2,FT,DevOps Infrastructure Engineer,185000,USD,185000,100,1,USA,USA,56823.436824068805,56823.436824068805,1.0,0.0
1310,2021,3,FT,DevOps Architect,220000,USD,220000,100,2,USA,USA,56823.436824068805,56823.436824068805,1.0,0.0
1311,2021,2,FT,DevOps Engineer,144000,USD,144000,100,2,USA,USA,56823.436824068805,56823.436824068805,1.0,0.0
1313,2021,0,FT,Cloud Infrastructure Engineer,105000,USD,105000,100,1,USA,USA,56823.436824068805,56823.436824068805,1.0,0.0
1314,2021,0,FT,Site Reliability Engineer,110000,USD,110000,100,2,USA,USA,56823.436824068805,56823.436824068805,1.0,0.0
1316,2021,2,FT,Principal DevOps Engineer,170000,USD,170000,100,2,USA,USA,56823.436824068805,56823.436824068805,1.0,0.0
1317,2021,2,FT,Site Reliability Engineer,177000,USD,177000,100,2,USA,USA,56823.436824068805,56823.436824068805,1.0,0.0
1318,2021,2,FT,Lead DevOps Engineer,105000,USD,105000,100,2,USA,USA,56823.436824068805,56823.436824068805,1.0,0.0
1319,2021,2,FT,Site Reliability Engineer,200000,USD,200000,100,1,USA,USA,56823.436824068805,56823.436824068805,1.0,0.0
1320,2021,2,FT,DevOps Engineer,165000,USD,165000,100,1,USA,USA,56823.436824068805,56823.436824068805,1.0,0.0
1322,2021,2,FT,Site Reliability Engineer,115000,USD,115000,100,1,USA,USA,56823.436824068805,56823.436824068805,1.0,0.0
1323,2021,0,FT,Site Reliability Engineer,105000,USD,105000,50,2,USA,USA,56823.436824068805,56823.436824068805,1.0,0.0
1324,2021,0,FT,DevOps Engineer,50000,USD,50000,100,1,USA,USA,56823.436824068805,56823.436824068805,1.0,0.0
1325,2021,1,FT,Cloud DevOps Engineer,110000,USD,110000,100,0,USA,USA,56823.436824068805,56823.436824068805,1.0,0.0
1326,2021,2,FT,Principal DevOps Engineer,173000,USD,173000,50,2,USA,USA,56823.436824068805,56823.436824068805,1.0,0.0
1327,2021,2,FT,Staff Platform Engineer,191000,USD,191000,100,1,USA,USA,56823.436824068805,56823.436824068805,1.0,0.0
1328,2021,0,FT,DevOps Engineer,113000,USD,113000,100,1,USA,USA,56823.436824068805,56823.436824068805,1.0,0.0
1332,2021,1,FT,DevOps Engineer,171000,USD,171000,100,1,USA,USA,56823.436824068805,56823.436824068805,1.0,0.0
1333,2021,1,FT,DevOps Engineer,115000,USD,115000,100,2,USA,USA,56823.436824068805,56823.436824068805,1.0,0.0
1334,2021,0,FT,Automation Engineer,72000,USD,72000,100,2,USA,USA,56823.436824068805,56823.436824068805,1.0,0.0
1335,2021,2,FT,Site Reliability Engineer,147000,USD,147000,50,0,USA,USA,56823.436824068805,56823.436824068805,1.0,0.0
1336,2021,2,FT,Infrastructure Engineer,200000,USD,200000,100,1,USA,USA,56823.436824068805,56823.436824068805,1.0,0.0
1337,2021,2,FT,DevOps Manager,120000,USD,120000,100,2,USA,USA,56823.436824068805,56823.436824068805,1.0,0.0
1338,2021,1,FT,Site Reliability Engineer,160000,USD,160000,50,1,USA,USA,56823.436824068805,56823.436824068805,1.0,0.0
1341,2021,1,CT,DevOps Engineer,150000,USD,150000,100,2,USA,USA,56823.436824068805,56823.436824068805,1.0,0.0
1342,2021,2,FT,Site Reliability Engineer,155000,USD,155000,100,1,USA,USA,56823.436824068805,56823.436824068805,1.0,0.0
1343,2021,1,FT,Cloud Architect,140000,USD,140000,100,2,USA,USA,56823.436824068805,56823.436824068805,1.0,0.0
1344,2021,2,FT,DevOps Infrastructure Engineer,163000,USD,163000,100,1,USA,USA,56823.436824068805,56823.436824068805,1.0,0.0
1345,2021,2,FT,DevOps Architect,160000,USD,160000,100,1,USA,USA,56823.436824068805,56823.436824068805,1.0,0.0
1346,2021,1,FT,DevOps Consultant,119000,USD,119000,100,1,USA,USA,56823.436824068805,56823.436824068805,1.0,0.0
1350,2021,2,FT,Infrastructure Architect,170000,USD,170000,50,2,USA,USA,56823.436824068805,56823.436824068805,1.0,0.0
1351,2021,2,FT,DevOps Team Lead,155000,USD,155000,50,1,USA,USA,56823.436824068805,56823.436824068805,1.0,0.0
1352,2021,2,FT,DevOps Engineer,140000,USD,140000,100,2,USA,USA,56823.436824068805,56823.436824068805,1.0,0.0
1353,2021,1,FT,DevOps Engineer,119000,USD,119000,100,2,USA,USA,56823.436824068805,56823.436824068805,1.0,0.0
1354,2021,1,FT,DevOps Engineer,150000,USD,150000,100,2,USA,USA,56823.436824068805,56823.436824068805,1.0,0.0
1355,2021,0,FT,Cloud Engineer,100000,USD,100000,100,2,USA,USA,56823.436824068805,56823.436824068805,1.0,0.0
1356,2021,1,FT,Site Reliability Engineer,165000,USD,165000,50,2,USA,USA,56823.436824068805,56823.436824068805,1.0,0.0
1358,2021,1,FT,Site Reliability Engineer,139000,USD,139000,100,1,USA,USA,56823.436824068805,56823.436824068805,1.0,0.0
1359,2021,1,FT,DevOps Engineer,110000,USD,110000,100,1,USA,USA,56823.436824068805,56823.436824068805,1.0,0.0
1360,2021,0,FT,DevOps Consultant,85000,USD,85000,100,2,USA,USA,56823.436824068805,56823.436824068805,1.0,0.0
1361,2021,2,FT,DevOps Engineer,106000,USD,106000,100,2,USA,USA,56823.436824068805,56823.436824068805,1.0,0.0
1362,2021,1,FT,DevOps Manager,150000,USD,150000,100,1,USA,USA,56823.436824068805,56823.436824068805,1.0,0.0
1363,2021,2,FT,Cloud Engineer,165000,USD,165000,100,0,USA,USA,56823.436824068805,56823.436824068805,1.0,0.0
1364,2021,1,FT,Cloud Engineer,95000,USD,95000,100,1,USA,USA,56823.436824068805,56823.436824068805,1.0,0.0
1365,2021,2,FT,DevOps Engineer,236000,USD,236000,100,2,USA,USA,56823.436824068805,56823.436824068805,1.0,0.0
1367,2021,2,FT,Information Security Manager,120000,USD,120000,50,1,USA,USA,56823.436824068805,56823.436824068805,1.0,0.0
1369,2021,2,FT,Machine Learning Engineer,185000,USD,185000,50,2,USA,USA,56823.436824068805,56823.436824068805,1.0,1.0
1370,2021,0,FT,Data Engineer,72500,USD,72500,100,2,USA,USA,56823.436824068805,56823.436824068805,1.0,1.0
1371,2021,1,FT,Data Engineer,110000,USD,110000,100,2,USA,USA,56823.436824068805,56823.436824068805,1.0,1.0
1372,2021,2,FT,ML Engineer,256000,USD,256000,100,0,USA,USA,56823.436824068805,56823.436824068805,1.0,1.0
1373,2021,2,FT,Director of Data Engineering,200000,USD,200000,100,2,USA,USA,56823.436824068805,56823.436824068805,1.0,1.0
1374,2021,2,FT,Data Analyst,200000,USD,200000,100,2,USA,USA,56823.436824068805,56823.436824068805,1.0,1.0
1375,2021,1,FT,Data Architect,180000,USD,180000,100,2,USA,USA,56823.436824068805,56823.436824068805,1.0,1.0
1381,2021,0,FT,Cyber Security Engineer,101350,USD,101350,50,2,USA,USA,56823.436824068805,56823.436824068805,1.0,0.0
1383,2021,1,FT,Data Engineer,112000,USD,112000,100,2,USA,USA,56823.436824068805,56823.436824068805,1.0,1.0
1385,2021,1,FT,Cybersecurity Engineer,65000,USD,65000,100,2,USA,USA,56823.436824068805,56823.436824068805,1.0,0.0
1386,2021,1,PT,Cyber Security Researcher,100000,USD,100000,50,1,USA,USA,56823.436824068805,56823.436824068805,1.0,0.0
1387,2021,2,FT,Security Analyst,105000,USD,105000,100,1,USA,USA,56823.436824068805,56823.436824068805,1.0,0.0
1388,2021,1,FT,Cyber Security Analyst,80000,USD,80000,50,2,USA,USA,56823.436824068805,56823.436824068805,1.0,0.0
1389,2021,0,FT,Data Scientist,58000,USD,58000,50,2,USA,USA,56823.436824068805,56823.436824068805,1.0,1.0
1390,2021,2,FT,Information Security Manager,126000,USD,126000,50,2,USA,USA,56823.436824068805,56823.436824068805,1.0,0.0
1391,2021,1,FT,Cyber Security Analyst,79000,USD,79000,100,2,USA,USA,56823.436824068805,56823.436824068805,1.0,0.0
1392,2021,0,FT,DevOps Engineer,110000,USD,110000,50,1,USA,USA,56823.436824068805,56823.436824068805,1.0,0.0
1393,2021,1,FT,Incident Response Analyst,100000,USD,100000,100,2,USA,USA,56823.436824068805,56823.436824068805,1.0,0.0
1394,2021,1,FT,IAM Engineer,115000,USD,115000,100,2,USA,USA,56823.436824068805,56823.436824068805,1.0,0.0
1398,2021,0,FT,Security Engineer,50000,USD,50000,50,0,USA,USA,56823.436824068805,56823.436824068805,1.0,0.0
1399,2021,0,FT,Data Scientist,100000,USD,100000,100,1,USA,USA,56823.436824068805,56823.436824068805,1.0,1.0
1400,2021,0,FT,DevOps Engineer,90000,USD,90000,100,1,USA,USA,56823.436824068805,56823.436824068805,1.0,0.0
1401,2021,0,FT,Cybersecurity Analyst,80000,USD,80000,50,2,USA,USA,56823.436824068805,56823.436824068805,1.0,0.0
1404,2021,2,CT,Staff Data Scientist,105000,USD,105000,100,1,USA,USA,56823.436824068805,56823.436824068805,1.0,1.0
1406,2021,2,FT,Platform Engineer,160000,USD,160000,100,1,USA,USA,56823.436824068805,56823.436824068805,1.0,0.0
1407,2021,1,FT,Cyber Security Engineer,210000,USD,210000,100,2,USA,USA,56823.436824068805,56823.436824068805,1.0,0.0
1408,2021,0,FT,Incident Response Analyst,66000,USD,66000,100,2,USA,USA,56823.436824068805,56823.436824068805,1.0,0.0
1409,2021,1,FT,Site Reliability Engineer,85000,USD,85000,100,2,USA,USA,56823.436824068805,56823.436824068805,1.0,0.0
1410,2021,2,FT,DevOps Engineer,161500,USD,161500,100,2,USA,USA,56823.436824068805,56823.436824068805,1.0,0.0
1412,2021,2,FT,DevOps Architect,165000,USD,165000,100,2,USA,USA,56823.436824068805,56823.436824068805,1.0,0.0
1413,2021,0,FT,DevOps Engineer,100000,USD,100000,100,2,USA,USA,56823.436824068805,56823.436824068805,1.0,0.0
1414,2021,2,FT,Staff Site Reliability Engineer,225000,USD,225000,50,2,USA,USA,56823.436824068805,56823.436824068805,1.0,0.0
1416,2021,1,FT,Cloud Infrastructure Engineer,110000,USD,110000,50,0,USA,USA,56823.436824068805,56823.436824068805,1.0,0.0
1417,2021,2,FT,Infrastructure Engineer,190000,USD,190000,100,2,USA,USA,56823.436824068805,56823.436824068805,1.0,0.0
1420,2021,1,CT,Cloud Infrastructure Engineer,62000,USD,62000,100,2,USA,USA,56823.436824068805,56823.436824068805,1.0,0.0
1423,2021,2,FT,DevOps Engineer,125000,USD,125000,100,2,USA,USA,56823.436824068805,56823.436824068805,1.0,0.0
1424,2021,0,FT,Cloud Engineer,101000,USD,101000,50,2,USA,USA,56823.436824068805,56823.436824068805,1.0,0.0
1425,2021,2,FT,Infrastructure Engineer,150000,USD,150000,100,1,USA,USA,56823.436824068805,56823.436824068805,1.0,0.0
1426,2021,2,FT,Principal Site Reliability Engineer,250000,USD,250000,100,1,USA,USA,56823.436824068805,56823.436824068805,1.0,0.0
1428,2021,3,FT,Principal Cloud Architect,200000,USD,200000,100,0,USA,USA,56823.436824068805,56823.436824068805,1.0,0.0
1435,2021,3,FT,DevSecOps Engineer,160000,USD,160000,100,0,USA,USA,56823.436824068805,56823.436824068805,1.0,0.0
1436,2021,1,FT,Site Reliability Engineer,133830,USD,133830,100,2,USA,USA,56823.436824068805,56823.436824068805,1.0,0.0
1437,2021,1,FT,Site Reliability Engineer,146000,USD,146000,100,2,USA,USA,56823.436824068805,56823.436824068805,1.0,0.0
1438,2021,2,FT,Lead Site Reliability Engineer,130000,USD,130000,100,1,USA,USA,56823.436824068805,56823.436824068805,1.0,0.0
1440,2021,2,FT,Penetration Testing Engineer,126000,USD,126000,100,2,USA,USA,56823.436824068805,56823.436824068805,1.0,0.0
1441,2021,0,FT,Cyber Security Analyst,100000,USD,100000,50,1,USA,USA,56823.436824068805,56823.436824068805,1.0,0.0
1442,2021,2,FT,Application Security Engineer,135000,USD,135000,100,2,USA,USA,56823.436824068805,56823.436824068805,1.0,0.0
1443,2021,0,FT,Application Security Engineer,65000,USD,65000,100,2,USA,USA,56823.436824068805,56823.436824068805,1.0,0.0
1446,2021,1,FT,Information Security Engineer,128000,USD,128000,100,2,USA,USA,56823.436824068805,56823.436824068805,1.0,0.0
1447,2021,1,FT,Cyber Threat Intelligence Analyst,116000,USD,116000,50,2,USA,USA,56823.436824068805,56823.436824068805,1.0,0.0
1452,2021,2,FT,Cloud Security Architect,205000,USD,205000,100,2,USA,USA,56823.436824068805,56823.436824068805,1.0,0.0
1453,2021,2,FT,Cybersecurity Engineer,133900,USD,133900,100,2,USA,USA,56823.436824068805,56823.436824068805,1.0,0.0
1456,2021,2,FT,Penetration Tester,133000,USD,133000,100,2,USA,USA,56823.436824068805,56823.436824068805,1.0,0.0
1457,2021,0,FT,Cyber Security Researcher,125000,USD,125000,50,2,USA,USA,56823.436824068805,56823.436824068805,1.0,0.0
1459,2021,1,FT,Cyber Security Engineer,85000,USD,85000,100,2,USA,USA,56823.436824068805,56823.436824068805,1.0,0.0
1460,2021,2,FT,Cyber Threat Intelligence Analyst,110000,USD,110000,100,2,USA,USA,56823.436824068805,56823.436824068805,1.0,0.0
1464,2021,0,FT,Cyber Security Engineer,88500,USD,88500,50,2,USA,USA,56823.436824068805,56823.436824068805,1.0,0.0
1465,2021,2,FT,Security Engineer,172000,USD,172000,100,2,USA,USA,56823.436824068805,56823.436824068805,1.0,0.0
1466,2021,1,FT,Penetration Tester,110000,USD,110000,100,2,USA,USA,56823.436824068805,56823.436824068805,1.0,0.0
1467,2021,1,FT,Product Security Engineer,140400,USD,140400,50,2,USA,USA,56823.436824068805,56823.436824068805,1.0,0.0
1469,2021,1,FT,Security Engineering Manager,140000,USD,140000,50,2,USA,USA,56823.436824068805,56823.436824068805,1.0,0.0
1470,2021,0,FT,Security Analyst,48000,USD,48000,100,2,USA,USA,56823.436824068805,56823.436824068805,1.0,0.0
1471,2021,2,FT,Penetration Tester,190000,USD,190000,100,1,USA,USA,56823.436824068805,56823.436824068805,1.0,0.0
1475,2021,2,FT,Penetration Tester,143000,USD,143000,100,2,USA,USA,56823.436824068805,56823.436824068805,1.0,0.0
1476,2021,2,FT,Information Security Analyst,115000,USD,115000,50,2,USA,USA,56823.436824068805,56823.436824068805,1.0,0.0
1477,2021,2,FT,Security Engineer,106000,USD,106000,100,2,USA,USA,56823.436824068805,56823.436824068805,1.0,0.0
1480,2021,2,FT,Cloud Security Engineer,82000,USD,82000,100,2,USA,USA,56823.436824068805,56823.436824068805,1.0,0.0
1481,2021,0,FT,Cyber Security Analyst,80100,USD,80100,100,2,USA,USA,56823.436824068805,56823.436824068805,1.0,0.0
1483,2021,2,FT,Cyber Security Architect,140000,USD,140000,100,2,USA,USA,56823.436824068805,56823.436824068805,1.0,0.0
1484,2021,2,FT,Cyber Security Analyst,140000,USD,140000,100,2,USA,USA,56823.436824068805,56823.436824068805,1.0,0.0
1485,2021,2,FT,Cyber Threat Intelligence Analyst,200000,USD,200000,100,1,USA,USA,56823.436824068805,56823.436824068805,1.0,0.0
1486,2021,1,FT,Cyber Security Engineer,140000,USD,140000,100,1,USA,USA,56823.436824068805,56823.436824068805,1.0,0.0
1489,2021,0,FT,Cyber Security Analyst,80000,USD,80000,50,2,USA,USA,56823.436824068805,56823.436824068805,1.0,0.0
1490,2021,1,FT,Cyber Security Analyst,110000,USD,110000,100,2,USA,USA,56823.436824068805,56823.436824068805,1.0,0.0
1492,2021,2,FT,Cyber Security Engineer,132000,USD,132000,100,2,USA,USA,56823.436824068805,56823.436824068805,1.0,0.0
1496,2021,1,FT,Penetration Tester,100000,USD,100000,100,1,USA,USA,56823.436824068805,56823.436824068805,1.0,0.0
1497,2021,0,FT,Cybersecurity Analyst,63000,USD,63000,50,2,USA,USA,56823.436824068805,56823.436824068805,1.0,0.0
1499,2021,0,FT,Incident Response Analyst,77600,USD,77600,100,2,USA,USA,56823.436824068805,56823.436824068805,1.0,0.0
1503,2021,2,FT,Cyber Security Architect,200000,USD,200000,100,2,USA,USA,56823.436824068805,56823.436824068805,1.0,0.0
1505,2021,1,FT,Cyber Security Analyst,106000,USD,106000,100,2,USA,USA,56823.436824068805,56823.436824068805,1.0,0.0
1506,2021,1,FT,Information Security Analyst,82700,USD,82700,100,2,USA,USA,56823.436824068805,56823.436824068805,1.0,0.0
1507,2021,2,FT,Ethical Hacker,150000,USD,150000,100,2,USA,USA,56823.436824068805,56823.436824068805,1.0,0.0
1510,2021,2,FT,Digital Forensics Analyst,140000,USD,140000,50,2,USA,USA,56823.436824068805,56823.436824068805,1.0,0.0
1511,2021,2,FT,Cyber Security Architect,127000,USD,127000,100,2,USA,USA,56823.436824068805,56823.436824068805,1.0,0.0
1512,2021,2,CT,Cyber Security Architect,72000,USD,72000,100,1,USA,USA,56823.436824068805,56823.436824068805,1.0,0.0
1514,2021,1,FT,Penetration Testing Engineer,150000,USD,150000,100,2,USA,USA,56823.436824068805,56823.436824068805,1.0,0.0
1515,2021,1,FT,Cyber Security Analyst,90000,USD,90000,50,2,USA,USA,56823.436824068805,56823.436824068805,1.0,0.0
1516,2021,1,FT,Information Security Engineer,120000,USD,120000,100,2,USA,USA,56823.436824068805,56823.436824068805,1.0,0.0
1518,2021,2,FT,Cyber Threat Intelligence Analyst,134000,USD,134000,100,2,USA,USA,56823.436824068805,56823.436824068805,1.0,0.0
1520,2021,2,FT,Security Engineering Manager,174000,USD,174000,50,2,USA,USA,56823.436824068805,56823.436824068805,1.0,0.0
1522,2021,0,FT,Cybersecurity Analyst,77000,USD,77000,100,2,USA,USA,56823.436824068805,56823.436824068805,1.0,0.0
1523,2021,1,FT,Cyber Threat Analyst,79509,USD,79509,50,2,USA,USA,56823.436824068805,56823.436824068805,1.0,0.0
1524,2021,3,FT,Security Officer 3,148000,USD,148000,100,1,USA,USA,56823.436824068805,56823.436824068805,1.0,0.0
1525,2021,0,FT,Cyber Security Analyst,81000,USD,81000,50,2,USA,USA,56823.436824068805,56823.436824068805,1.0,0.0
1526,2021,1,FT,Information Security Manager,114000,USD,114000,50,2,USA,USA,56823.436824068805,56823.436824068805,1.0,0.0
1529,2021,1,FT,Principal Data Scientist,151000,USD,151000,100,2,USA,USA,56823.436824068805,56823.436824068805,1.0,1.0
1530,2021,2,FT,Data Specialist,165000,USD,165000,100,2,USA,USA,56823.436824068805,56823.436824068805,1.0,1.0
1534,2021,2,FT,Principal Data Scientist,235000,USD,235000,100,2,USA,USA,56823.436824068805,56823.436824068805,1.0,1.0
1535,2021,1,FT,Data Scientist,115000,USD,115000,50,2,USA,USA,56823.436824068805,56823.436824068805,1.0,1.0
1536,2021,1,FT,Data Scientist,130000,USD,130000,50,2,USA,USA,56823.436824068805,56823.436824068805,1.0,1.0
1538,2021,2,FT,Data Analytics Manager,140000,USD,140000,100,2,USA,USA,56823.436824068805,56823.436824068805,1.0,1.0
1540,2021,2,FT,Principal Data Engineer,185000,USD,185000,100,2,USA,USA,56823.436824068805,56823.436824068805,1.0,1.0
1541,2021,1,FT,Data Scientist,160000,USD,160000,100,2,USA,USA,56823.436824068805,56823.436824068805,1.0,1.0
1542,2021,2,FT,Machine Learning Engineer,200000,USD,200000,100,2,USA,USA,56823.436824068805,56823.436824068805,1.0,1.0
1544,2021,2,FT,Machine Learning Infrastructure Engineer,195000,USD,195000,100,1,USA,USA,56823.436824068805,56823.436824068805,1.0,1.0
1545,2021,0,FT,Data Science Consultant,90000,USD,90000,100,0,USA,USA,56823.436824068805,56823.436824068805,1.0,1.0
1546,2021,0,FT,Machine Learning Engineer,81000,USD,81000,50,0,USA,USA,56823.436824068805,56823.436824068805,1.0,1.0
1549,2021,2,FT,Data Science Manager,174000,USD,174000,100,2,USA,USA,56823.436824068805,56823.436824068805,1.0,1.0
1550,2021,1,FT,Data Scientist,147000,USD,147000,50,2,USA,USA,56823.436824068805,56823.436824068805,1.0,1.0
1596,2021,2,FT,Cyber Security Analyst,95000,USD,95000,100,2,CAN,USA,46991.21483238116,56823.436824068805,0.0,0.0
1597,2021,2,FT,Machine Learning Scientist,225000,USD,225000,100,2,CAN,USA,46991.21483238116,56823.436824068805,0.0,1.0
1601,2021,1,FT,Cloud Security Engineer,110000,USD,110000,50,2,DEU,USA,49370.910498232144,56823.436824068805,0.0,0.0
1602,2021,2,FT,Principal DevOps Engineer,200000,USD,200000,100,2,DEU,USA,49370.910498232144,56823.436824068805,0.0,0.0
1605,2021,1,FT,Cyber Security Analyst,119000,USD,119000,100,2,AUS,USA,51178.49790290832,56823.436824068805,0.0,0.0
1606,2021,2,FT,Infrastructure Engineer,124630,USD,124630,100,2,AUS,USA,51178.49790290832,56823.436824068805,0.0,0.0
1609,2021,0,FT,Cyber Security Analyst,85000,USD,85000,50,1,ISR,USA,35784.40007393033,56823.436824068805,0.0,0.0
1612,2021,3,FT,Principal Security Engineer,3800000,INR,51389,100,0,GBR,IND,43044.983613571414,6802.992197322102,0.0,0.0
1618,2021,3,FT,BI Data Analyst,150000,USD,150000,100,2,USA,IND,56823.436824068805,6802.992197322102,0.0,1.0
1620,2021,2,FT,Cloud Infrastructure Architect,3100000,INR,41923,50,1,USA,IND,56823.436824068805,6802.992197322102,0.0,0.0
1623,2021,1,FT,Security Analyst,20000,USD,20000,100,2,USA,IND,56823.436824068805,6802.992197322102,0.0,0.0
1624,2021,2,FT,Data Science Manager,4000000,INR,54094,50,2,USA,IND,56823.436824068805,6802.992197322102,0.0,1.0
1651,2021,0,FT,Machine Learning Engineer,20000,USD,20000,100,0,IND,IND,6802.992197322102,6802.992197322102,1.0,1.0
1652,2021,2,FT,Lead Data Scientist,3000000,INR,40570,50,2,IND,IND,6802.992197322102,6802.992197322102,1.0,1.0
1657,2021,2,FT,Manager of DevOps & Engineering Infrastructure,75000,USD,75000,50,2,IND,IND,6802.992197322102,6802.992197322102,1.0,0.0
1658,2021,1,FT,Cloud Security Engineer,1000000,INR,13523,50,2,IND,IND,6802.992197322102,6802.992197322102,1.0,0.0
1661,2021,0,FT,Data Engineer,2250000,INR,30428,100,2,IND,IND,6802.992197322102,6802.992197322102,1.0,1.0
1662,2021,0,FT,Data Scientist,2200000,INR,29751,50,2,IND,IND,6802.992197322102,6802.992197322102,1.0,1.0
1663,2021,0,FT,Data Engineer,1600000,INR,21637,50,1,IND,IND,6802.992197322102,6802.992197322102,1.0,1.0
1664,2021,0,FT,Data Scientist,2100000,INR,28399,100,1,IND,IND,6802.992197322102,6802.992197322102,1.0,1.0
1665,2021,2,FT,Site Reliability Engineer,1400000,INR,18933,100,2,IND,IND,6802.992197322102,6802.992197322102,1.0,0.0
1666,2021,1,FT,DevOps Engineer,1300000,INR,17580,100,2,IND,IND,6802.992197322102,6802.992197322102,1.0,0.0
1667,2021,2,FT,DevOps Consultant,1500000,INR,20285,100,2,IND,IND,6802.992197322102,6802.992197322102,1.0,0.0
1668,2021,1,FT,Data Scientist,1250000,INR,16904,100,0,IND,IND,6802.992197322102,6802.992197322102,1.0,1.0
1669,2021,2,FT,Cloud Architect,4500000,INR,60856,50,2,IND,IND,6802.992197322102,6802.992197322102,1.0,0.0
1670,2021,1,FT,Cloud Engineer,1100000,INR,14875,100,1,IND,IND,6802.992197322102,6802.992197322102,1.0,0.0
1671,2021,2,FT,DevOps Engineer,1800000,INR,24342,50,2,IND,IND,6802.992197322102,6802.992197322102,1.0,0.0
1672,2021,2,FT,Lead Site Reliability Engineer,3200000,INR,43275,100,1,IND,IND,6802.992197322102,6802.992197322102,1.0,0.0
1673,2021,1,FT,Lead DevOps Engineer,3300000,INR,44627,50,2,IND,IND,6802.992197322102,6802.992197322102,1.0,0.0
1674,2021,0,FT,Security Engineer,1000000,INR,13523,50,1,IND,IND,6802.992197322102,6802.992197322102,1.0,0.0
1675,2021,1,FT,Application Security Engineer,1000000,INR,13523,50,1,IND,IND,6802.992197322102,6802.992197322102,1.0,0.0
1676,2021,0,FT,Network Security Engineer,836000,INR,11305,50,2,IND,IND,6802.992197322102,6802.992197322102,1.0,0.0
1677,2021,2,FT,Data Science Manager,7000000,INR,94665,50,2,IND,IND,6802.992197322102,6802.992197322102,1.0,1.0
1678,2021,1,FT,Lead Data Analyst,1450000,INR,19609,100,2,IND,IND,6802.992197322102,6802.992197322102,1.0,1.0
1679,2021,2,FT,Machine Learning Engineer,1799997,INR,24342,100,2,IND,IND,6802.992197322102,6802.992197322102,1.0,1.0
1680,2021,0,FT,Big Data Engineer,1200000,INR,16228,100,2,IND,IND,6802.992197322102,6802.992197322102,1.0,1.0
1687,2021,2,FT,Cyber Security Analyst,80000,USD,80000,50,2,SRB,IND,14315.800368554515,6802.992197322102,0.0,0.0
1691,2021,0,FT,Cyber Security Engineer,150000,EUR,177308,100,2,GBR,BGR,43044.983613571414,20150.64401796238,0.0,0.0
1693,2021,2,FT,Data Analyst,80000,USD,80000,100,0,USA,BGR,56823.436824068805,20150.64401796238,0.0,1.0
1695,2021,1,FT,DevOps Engineer,26556,EUR,31390,100,0,BGR,BGR,20150.64401796238,20150.64401796238,1.0,0.0
1698,2021,2,FT,DevOps Engineer,41000,USD,41000,100,2,AUT,BGR,47587.42819193017,20150.64401796238,0.0,0.0
1699,2021,2,FT,DevOps Engineer,41000,USD,41000,100,2,AUT,BGR,47587.42819193017,20150.64401796238,0.0,0.0
1700,2021,2,FT,DevOps Engineer,41000,USD,41000,100,2,AUT,BGR,47587.42819193017,20150.64401796238,0.0,0.0
1702,2021,2,FT,Data Engineer,65000,EUR,76833,50,0,GBR,ROU,43044.983613571414,20483.07830662258,0.0,1.0
1708,2021,0,FT,DevOps Engineer,22800,EUR,26950,100,2,ROU,ROU,20483.07830662258,20483.07830662258,1.0,0.0
1715,2021,2,FT,Data Analytics Engineer,50000,USD,50000,100,1,GBR,VNM,43044.983613571414,6186.553573125703,0.0,1.0
1721,2021,1,FT,Staff Platform Engineer,54000,USD,54000,100,2,USA,MEX,56823.436824068805,18518.99495399531,0.0,0.0
1722,2021,2,FT,Cloud DevOps Engineer,1200000,MXN,59153,100,1,USA,MEX,56823.436824068805,18518.99495399531,0.0,0.0
1723,2021,2,CT,Principal Cloud Architect,54000,USD,54000,100,0,USA,MEX,56823.436824068805,18518.99495399531,0.0,0.0
1736,2021,1,FT,Data Engineer,110000,PLN,28476,100,2,POL,POL,27341.528358687792,27341.528358687792,1.0,1.0
1737,2021,2,CT,DevOps Engineer,250000,PLN,64718,100,2,POL,POL,27341.528358687792,27341.528358687792,1.0,0.0
1738,2021,2,FT,Site Reliability Engineer,51000,USD,51000,100,0,POL,POL,27341.528358687792,27341.528358687792,1.0,0.0
1739,2021,2,CT,DevOps Consultant,260000,PLN,67307,50,2,POL,POL,27341.528358687792,27341.528358687792,1.0,0.0
1740,2021,2,CT,DevOps Engineer,288000,PLN,74555,100,2,POL,POL,27341.528358687792,27341.528358687792,1.0,0.0
1741,2021,1,CT,DevOps Engineer,185000,PLN,47891,100,2,POL,POL,27341.528358687792,27341.528358687792,1.0,0.0
1745,2021,2,FT,Detection Engineer,81000,USD,81000,100,2,POL,POL,27341.528358687792,27341.528358687792,1.0,0.0
1747,2021,1,FT,Machine Learning Engineer,180000,PLN,46597,100,2,POL,POL,27341.528358687792,27341.528358687792,1.0,1.0
1823,2021,2,FT,Cloud DevOps Engineer,75000,USD,75000,100,1,USA,BIH,56823.436824068805,11029.046613735196,0.0,0.0
1827,2021,1,FT,DevOps Engineer,13000,EUR,15366,50,2,BIH,BIH,11029.046613735196,11029.046613735196,1.0,0.0
1828,2021,1,FT,Cloud DevOps Engineer,17501,EUR,20687,50,1,BIH,BIH,11029.046613735196,11029.046613735196,1.0,0.0
1836,2021,2,FT,Cloud Architect,73000,EUR,86290,50,2,AUT,AUT,47587.42819193017,47587.42819193017,1.0,0.0
1837,2021,1,FT,Infrastructure Automation Engineer,80000,EUR,94564,100,0,AUT,AUT,47587.42819193017,47587.42819193017,1.0,0.0
1839,2021,2,FT,DevOps Engineer,68000,EUR,80379,50,2,AUT,AUT,47587.42819193017,47587.42819193017,1.0,0.0
1841,2021,2,FT,IT Security Engineer,70000,EUR,82744,100,0,AUT,AUT,47587.42819193017,47587.42819193017,1.0,0.0
1843,2021,1,FT,Site Reliability Engineer,96000,USD,96000,100,1,USA,CRI,56823.436824068805,16076.237795263452,0.0,0.0
1847,2021,1,FT,Cloud Engineer,32600,USD,32600,100,0,USA,URY,56823.436824068805,21799.635016076674,0.0,0.0
1849,2021,2,FT,DevOps Architect,110000,EUR,130026,100,0,USA,IRL,56823.436824068805,64257.32303992216,0.0,0.0
1857,2022,1,FT,Cybersecurity Analyst,80000,EUR,90800,100,2,IRL,IRL,64257.32303992216,64257.32303992216,1.0,0.0
1858,2021,1,FT,Cloud Operations Engineer,61000,EUR,72105,100,1,IRL,IRL,64257.32303992216,64257.32303992216,1.0,0.0
1860,2021,0,FT,Cloud Security Engineer,47000,EUR,55556,100,1,IRL,IRL,64257.32303992216,64257.32303992216,1.0,0.0
1863,2021,2,FT,Site Reliability Engineer,97000,EUR,114659,100,2,IRL,IRL,64257.32303992216,64257.32303992216,1.0,0.0
1866,2021,2,FT,DevOps Engineer,125000,EUR,147757,100,2,IRL,IRL,64257.32303992216,64257.32303992216,1.0,0.0
1868,2021,2,FT,Cloud DevOps Systems Engineer,110000,EUR,130026,100,1,IRL,IRL,64257.32303992216,64257.32303992216,1.0,0.0
1872,2022,0,FT,IT DevOps Engineer,30000,USD,30000,100,1,USA,NGA,56823.436824068805,5712.56929067216,0.0,0.0
1876,2021,1,FT,Data Scientist,50000,USD,50000,100,2,NGA,NGA,5712.56929067216,5712.56929067216,1.0,1.0
1880,2021,0,FT,Cyber Threat Analyst,20000,EUR,23641,100,2,USA,GRC,56823.436824068805,26976.888189481208,0.0,0.0
1882,2021,2,FT,Marketing Data Analyst,75000,EUR,88654,100,2,DNK,GRC,47235.5433906986,26976.888189481208,0.0,1.0
1886,2021,0,FT,IT Security Engineer,16800,EUR,19858,50,1,GRC,GRC,26976.888189481208,26976.888189481208,1.0,0.0
1887,2021,1,FT,Data Science Engineer,34000,EUR,40189,100,1,GRC,GRC,26976.888189481208,26976.888189481208,1.0,1.0
1890,2021,2,FT,Lead Data Engineer,160000,USD,160000,50,0,USA,PRI,56823.436824068805,39083.16270499641,0.0,1.0
1892,2021,2,FT,Cloud Data Engineer,160000,USD,160000,100,0,USA,BRA,56823.436824068805,14858.69117037975,0.0,1.0
1898,2021,2,FT,Cyber Security Architect,450000,BRL,83415,100,2,BRA,BRA,14858.69117037975,14858.69117037975,1.0,0.0
1900,2021,1,FT,Computer Vision Software Engineer,81000,EUR,95746,100,0,USA,DEU,56823.436824068805,49370.910498232144,0.0,0.0
1944,2022,2,FT,Principal Data Scientist,148000,EUR,167981,100,1,DEU,DEU,49370.910498232144,49370.910498232144,1.0,1.0
1947,2021,1,FT,Security Engineer,69000,EUR,81562,50,2,DEU,DEU,49370.910498232144,49370.910498232144,1.0,0.0
1949,2021,1,FT,Information Security Officer,40200,EUR,47518,50,0,DEU,DEU,49370.910498232144,49370.910498232144,1.0,0.0
1950,2021,3,FT,Director of Data Science,110000,EUR,130026,50,1,DEU,DEU,49370.910498232144,49370.910498232144,1.0,1.0
1951,2021,0,FT,Data Science Consultant,54000,EUR,63831,50,2,DEU,DEU,49370.910498232144,49370.910498232144,1.0,1.0
1952,2021,2,FT,Data Analytics Engineer,67000,EUR,79197,100,2,DEU,DEU,49370.910498232144,49370.910498232144,1.0,1.0
1953,2021,0,FT,Data Science Consultant,65000,EUR,76833,100,0,DEU,DEU,49370.910498232144,49370.910498232144,1.0,1.0
1954,2021,2,FT,Machine Learning Engineer,80000,EUR,94564,50,2,DEU,DEU,49370.910498232144,49370.910498232144,1.0,1.0
1955,2021,0,FT,Cybersecurity Analyst,50400,EUR,59575,50,1,DEU,DEU,49370.910498232144,49370.910498232144,1.0,0.0
1957,2021,0,PT,Penetration Tester,50000,EUR,59102,100,0,DEU,DEU,49370.910498232144,49370.910498232144,1.0,0.0
1958,2021,1,FT,Information Security Architect,72000,EUR,85108,100,2,DEU,DEU,49370.910498232144,49370.910498232144,1.0,0.0
1959,2021,0,FT,IT Infrastructure Engineer,44000,EUR,52010,50,0,DEU,DEU,49370.910498232144,49370.910498232144,1.0,0.0
1961,2021,2,FT,Principal Cloud Architect,110000,EUR,130026,50,1,DEU,DEU,49370.910498232144,49370.910498232144,1.0,0.0
1962,2021,1,FT,Cloud Engineer,60000,EUR,70923,100,2,DEU,DEU,49370.910498232144,49370.910498232144,1.0,0.0
1963,2021,2,FT,Cloud DevOps Systems Engineer,93000,EUR,109931,100,2,DEU,DEU,49370.910498232144,49370.910498232144,1.0,0.0
1965,2021,2,FT,DevOps Engineer,80000,EUR,94564,50,2,DEU,DEU,49370.910498232144,49370.910498232144,1.0,0.0
1966,2021,2,FT,Azure DevOps Engineer,70000,EUR,82744,100,2,DEU,DEU,49370.910498232144,49370.910498232144,1.0,0.0
1967,2021,0,FT,DevOps Engineer,54000,EUR,63831,100,2,DEU,DEU,49370.910498232144,49370.910498232144,1.0,0.0
1968,2021,0,FT,DevOps Engineer,52000,EUR,61467,50,0,DEU,DEU,49370.910498232144,49370.910498232144,1.0,0.0
1970,2021,2,FT,Cloud DevOps Systems Engineer,70000,EUR,82744,50,2,DEU,DEU,49370.910498232144,49370.910498232144,1.0,0.0
1973,2021,2,FT,Site Reliability Engineer,80000,EUR,94564,100,2,DEU,DEU,49370.910498232144,49370.910498232144,1.0,0.0
1974,2021,0,FT,DevOps Engineer,50000,EUR,59102,100,1,DEU,DEU,49370.910498232144,49370.910498232144,1.0,0.0
1975,2021,2,FT,Site Reliability Engineer,96000,EUR,113477,100,2,DEU,DEU,49370.910498232144,49370.910498232144,1.0,0.0
1976,2021,2,FT,IT Infrastructure Engineer,96000,EUR,113477,100,1,DEU,DEU,49370.910498232144,49370.910498232144,1.0,0.0
1977,2021,1,FT,DevOps Engineer,48000,EUR,56738,50,1,DEU,DEU,49370.910498232144,49370.910498232144,1.0,0.0
1978,2021,2,FT,DevOps Engineer,85000,EUR,100474,100,2,DEU,DEU,49370.910498232144,49370.910498232144,1.0,0.0
1982,2021,1,FL,Information Security Officer,65000,EUR,76833,100,1,DEU,DEU,49370.910498232144,49370.910498232144,1.0,0.0
1983,2021,0,FT,Data Engineer,55000,EUR,65013,50,1,DEU,DEU,49370.910498232144,49370.910498232144,1.0,1.0
1985,2021,1,FT,DevOps Developer,57000,EUR,67377,50,2,DEU,DEU,49370.910498232144,49370.910498232144,1.0,0.0
1990,2021,1,FT,Cyber Security Analyst,51000,EUR,60284,100,1,DEU,DEU,49370.910498232144,49370.910498232144,1.0,0.0
1991,2021,1,FT,Cyber Security Specialist,62000,EUR,73287,100,2,DEU,DEU,49370.910498232144,49370.910498232144,1.0,0.0
1993,2021,1,FT,Security Engineer,70000,EUR,82744,50,2,DEU,DEU,49370.910498232144,49370.910498232144,1.0,0.0
1994,2021,2,FT,Cyber Threat Intelligence Analyst,80000,EUR,94564,100,2,DEU,DEU,49370.910498232144,49370.910498232144,1.0,0.0
1995,2021,1,FT,Security Engineer,100000,EUR,118205,50,2,DEU,DEU,49370.910498232144,49370.910498232144,1.0,0.0
1996,2021,0,FT,Ethical Hacker,45000,EUR,53192,50,1,DEU,DEU,49370.910498232144,49370.910498232144,1.0,0.0
1998,2021,2,FT,Principal Data Scientist,147000,EUR,173762,100,1,DEU,DEU,49370.910498232144,49370.910498232144,1.0,1.0
2000,2021,1,FT,Data Scientist,75000,EUR,88654,50,2,DEU,DEU,49370.910498232144,49370.910498232144,1.0,1.0
2001,2021,1,FT,Data Scientist,76760,EUR,90734,50,2,DEU,DEU,49370.910498232144,49370.910498232144,1.0,1.0
2002,2021,0,FT,Machine Learning Engineer,21000,EUR,24823,50,1,DEU,DEU,49370.910498232144,49370.910498232144,1.0,1.0
2003,2021,2,FT,Data Analyst,54000,EUR,63831,50,2,DEU,DEU,49370.910498232144,49370.910498232144,1.0,1.0
2006,2021,1,FT,Data Scientist,52000,EUR,61467,50,1,AUT,DEU,47587.42819193017,49370.910498232144,0.0,1.0
2008,2021,1,FT,BI Data Analyst,11000000,HUF,36259,50,2,USA,HUN,56823.436824068805,27165.182276241278,0.0,1.0
2011,2021,1,FT,IT Security Engineer,10320000,HUF,34018,50,1,HUN,HUN,27165.182276241278,27165.182276241278,1.0,0.0
2012,2021,2,FT,DevSecOps Engineer,14400000,HUF,47467,100,2,HUN,HUN,27165.182276241278,27165.182276241278,1.0,0.0
2017,2021,1,FL,Machine Learning Scientist,12000,USD,12000,50,1,PAK,PAK,4822.255314351537,4822.255314351537,1.0,1.0
2020,2021,2,FT,Cloud DevOps Engineer,40000,USD,40000,100,2,SVK,SVK,30996.19910944688,30996.19910944688,1.0,0.0
2025,2021,2,FT,Lead DevOps Engineer,1512000,PHP,30661,100,2,PHL,PHL,7691.638039398299,7691.638039398299,1.0,0.0
2034,2021,2,FT,Chief Information Security Officer,90000,USD,90000,50,2,ARG,ARG,19854.02169127502,19854.02169127502,1.0,0.0
2038,2021,1,FT,Data Scientist,21600,EUR,25532,100,0,DEU,SRB,49370.910498232144,14315.800368554515,0.0,1.0
2040,2021,1,FT,DevOps Engineer,19200,EUR,22695,100,2,CHE,SRB,60257.618011382045,14315.800368554515,0.0,0.0
2045,2021,3,FT,Head of Data,230000,USD,230000,50,2,RUS,RUS,26325.49777562197,26325.49777562197,1.0,1.0
2046,2021,2,FT,DevOps Engineer,3000000,RUB,40716,100,1,RUS,RUS,26325.49777562197,26325.49777562197,1.0,0.0
2052,2021,2,FT,DevOps Engineer,80000,EUR,94564,100,2,NLD,PRT,50969.52428658616,27408.977930191333,0.0,0.0
2055,2021,2,FT,DevOps Engineer,71000,EUR,83926,100,2,ESP,PRT,34519.27185415612,27408.977930191333,0.0,0.0
2067,2022,0,FT,ML Engineer,20000,EUR,22700,100,2,PRT,PRT,27408.977930191333,27408.977930191333,1.0,1.0
2068,2021,2,FT,Information Security Manager,50500,EUR,59693,50,2,PRT,PRT,27408.977930191333,27408.977930191333,1.0,0.0
2070,2021,2,FT,Research Scientist,51400,EUR,60757,50,2,PRT,PRT,27408.977930191333,27408.977930191333,1.0,0.0
2071,2021,1,FT,Cloud Engineer,53000,EUR,62649,100,2,PRT,PRT,27408.977930191333,27408.977930191333,1.0,0.0
2072,2021,1,FT,DevOps Engineer,37000,EUR,43736,50,2,PRT,PRT,27408.977930191333,27408.977930191333,1.0,0.0
2073,2021,1,FT,DevOps Architect,25000,EUR,29551,50,1,PRT,PRT,27408.977930191333,27408.977930191333,1.0,0.0
2074,2021,1,FT,Cloud DevOps Engineer,35000,EUR,41372,50,2,PRT,PRT,27408.977930191333,27408.977930191333,1.0,0.0
2075,2021,1,FT,Cloud Architect,40000,EUR,47282,50,2,PRT,PRT,27408.977930191333,27408.977930191333,1.0,0.0
2076,2021,2,FT,Automation Engineer,67000,EUR,79197,100,0,PRT,PRT,27408.977930191333,27408.977930191333,1.0,0.0
2077,2021,2,FT,Application Security Engineer,75000,USD,75000,50,1,PRT,PRT,27408.977930191333,27408.977930191333,1.0,0.0
2078,2021,2,FT,Security Engineer,50000,EUR,59102,100,2,PRT,PRT,27408.977930191333,27408.977930191333,1.0,0.0
2084,2021,1,FT,Cyber Security Analyst,55000,EUR,65013,100,0,DEU,PRT,49370.910498232144,27408.977930191333,0.0,0.0
2085,2021,2,CT,Cloud DevOps Engineer,180000,EUR,212770,100,2,DEU,PRT,49370.910498232144,27408.977930191333,0.0,0.0
2110,2021,0,FT,Cyber Security Analyst,75000,EUR,88654,100,2,NLD,NLD,50969.52428658616,50969.52428658616,1.0,0.0
2112,2021,1,FT,Chief Information Security Officer,40000,USD,40000,50,2,NLD,NLD,50969.52428658616,50969.52428658616,1.0,0.0
2114,2021,0,FT,DevOps Engineer,40000,EUR,47282,100,2,NLD,NLD,50969.52428658616,50969.52428658616,1.0,0.0
2116,2021,1,FT,Cloud Engineer,37000,EUR,43736,50,2,NLD,NLD,50969.52428658616,50969.52428658616,1.0,0.0
2118,2021,1,FT,Lead DevOps Engineer,42600,EUR,50355,50,1,NLD,NLD,50969.52428658616,50969.52428658616,1.0,0.0
2119,2021,1,FT,DevOps Engineer,49896,EUR,58979,100,0,NLD,NLD,50969.52428658616,50969.52428658616,1.0,0.0
2120,2021,1,FT,Cloud Operations Engineer,66000,EUR,78015,100,2,NLD,NLD,50969.52428658616,50969.52428658616,1.0,0.0
2122,2021,2,FT,DevOps Engineer,55000,EUR,65013,100,2,NLD,NLD,50969.52428658616,50969.52428658616,1.0,0.0
2123,2021,1,PT,Data Engineer,59000,EUR,69741,100,2,NLD,NLD,50969.52428658616,50969.52428658616,1.0,1.0
2126,2021,2,FT,Site Reliability Engineer,85000,EUR,100474,100,2,NLD,NLD,50969.52428658616,50969.52428658616,1.0,0.0
2128,2021,2,FT,DevOps Engineer,95000,EUR,112295,50,2,NLD,NLD,50969.52428658616,50969.52428658616,1.0,0.0
2129,2021,2,FT,Ethical Hacker,49000,EUR,57920,50,0,NLD,NLD,50969.52428658616,50969.52428658616,1.0,0.0
2130,2021,2,FT,Cyber Security Specialist,51000,EUR,60284,50,1,NLD,NLD,50969.52428658616,50969.52428658616,1.0,0.0
2131,2021,2,FT,Cyber Security Specialist,75000,EUR,88654,50,0,NLD,NLD,50969.52428658616,50969.52428658616,1.0,0.0
2132,2021,1,FT,Security Engineer,140000,EUR,165488,50,2,NLD,NLD,50969.52428658616,50969.52428658616,1.0,0.0
2134,2021,1,FT,Data Engineer,38400,EUR,45391,100,2,NLD,NLD,50969.52428658616,50969.52428658616,1.0,1.0
2137,2021,0,FT,Machine Learning Engineer,85000,USD,85000,100,0,DEU,NLD,49370.910498232144,50969.52428658616,0.0,1.0
2149,2020,1,FT,DevOps Engineer,105000,CHF,111892,50,2,CHE,CHE,60257.618011382045,60257.618011382045,1.0,0.0
2151,2021,0,FT,DevOps Engineer,83005,CHF,90783,50,2,CHE,CHE,60257.618011382045,60257.618011382045,1.0,0.0
2152,2021,1,FT,Penetration Tester,110000,CHF,120308,100,2,CHE,CHE,60257.618011382045,60257.618011382045,1.0,0.0
2153,2020,1,FT,DevOps Engineer,105000,CHF,111892,50,2,CHE,CHE,60257.618011382045,60257.618011382045,1.0,0.0
2155,2021,1,FT,Site Reliability Engineer,100000,CHF,109371,50,2,CHE,CHE,60257.618011382045,60257.618011382045,1.0,0.0
2158,2021,2,FT,Information Security Specialist,155000,CHF,169525,100,2,CHE,CHE,60257.618011382045,60257.618011382045,1.0,0.0
2159,2021,1,FT,Cloud Security Engineer,130000,USD,130000,50,2,CHE,CHE,60257.618011382045,60257.618011382045,1.0,0.0
2163,2021,1,FT,DevOps Team Lead,37000,EUR,43736,100,2,HRV,HRV,21956.64355052719,21956.64355052719,1.0,0.0
2168,2021,0,PT,Penetration Testing Engineer,330000,TWD,11812,50,0,TWN,TWN,47940.25359756084,47940.25359756084,1.0,0.0
2173,2021,2,FT,DevOps Engineer,600000,DKK,95365,50,1,DNK,DNK,47235.5433906986,47235.5433906986,1.0,0.0
2174,2021,2,FT,DevOps Automation Engineer,700000,DKK,111259,50,2,DNK,DNK,47235.5433906986,47235.5433906986,1.0,0.0
2176,2021,0,PT,Computer Vision Engineer,180000,DKK,28609,50,0,DNK,DNK,47235.5433906986,47235.5433906986,1.0,0.0
2178,2021,2,FT,Cyber Security Engineer,55000,USD,55000,50,2,DNK,LTU,47235.5433906986,30320.210747066336,0.0,0.0
2180,2021,2,FT,DevOps Engineer,70000,EUR,82744,50,1,DEU,LTU,49370.910498232144,30320.210747066336,0.0,0.0
2189,2021,1,FT,Data Platform Engineer,120000,NZD,84832,100,2,NZL,NZL,38755.50486694202,38755.50486694202,1.0,1.0
2190,2021,1,FT,Lead Platform Engineer,80000,NZD,56554,50,2,NZL,NZL,38755.50486694202,38755.50486694202,1.0,0.0
2191,2021,1,FT,Platform Engineer,110000,NZD,77762,100,2,NZL,NZL,38755.50486694202,38755.50486694202,1.0,0.0
2192,2021,2,FT,DevOps Engineer,133000,NZD,94022,100,1,NZL,NZL,38755.50486694202,38755.50486694202,1.0,0.0
2193,2021,2,FT,Penetration Tester,180000,NZD,127248,50,0,NZL,NZL,38755.50486694202,38755.50486694202,1.0,0.0
2195,2021,2,FT,Security Engineering Manager,190000,NZD,134317,50,2,NZL,NZL,38755.50486694202,38755.50486694202,1.0,0.0
2199,2021,2,FT,DevOps Architect,69000,EUR,81562,100,2,DEU,SWE,49370.910498232144,50007.595010163655,0.0,0.0
2204,2021,0,FT,DevOps Engineer,480000,SEK,55916,50,0,SWE,SWE,50007.595010163655,50007.595010163655,1.0,0.0
2205,2021,0,FT,DevOps Engineer,480000,SEK,55916,50,0,SWE,SWE,50007.595010163655,50007.595010163655,1.0,0.0
2206,2021,0,FT,DevOps Engineer,480000,SEK,55916,50,0,SWE,SWE,50007.595010163655,50007.595010163655,1.0,0.0
2207,2021,0,FT,DevOps Engineer,480000,SEK,55916,100,2,SWE,SWE,50007.595010163655,50007.595010163655,1.0,0.0
2208,2021,2,FT,DevSecOps Engineer,582000,SEK,67798,100,2,SWE,SWE,50007.595010163655,50007.595010163655,1.0,0.0
2209,2021,1,FT,Information Security Officer,52000,EUR,61467,100,0,SWE,SWE,50007.595010163655,50007.595010163655,1.0,0.0
2213,2021,3,FT,Director of Data Science,130000,EUR,153667,100,2,POL,ITA,27341.528358687792,35743.137486581836,0.0,1.0
2219,2021,2,FL,Cloud DevOps Engineer,100000,EUR,118205,100,1,ITA,ITA,35743.137486581836,35743.137486581836,1.0,0.0
2222,2021,2,FT,Information Security Manager,50000,EUR,59102,100,2,ITA,ITA,35743.137486581836,35743.137486581836,1.0,0.0
2223,2021,1,FT,Cyber Security Engineer,35000,EUR,41372,50,2,ITA,ITA,35743.137486581836,35743.137486581836,1.0,0.0
2232,2021,2,FT,DevOps Engineer,58000,EUR,68559,100,1,BEL,BEL,44259.393111999234,44259.393111999234,1.0,0.0
2233,2021,2,FT,DevOps Engineer,58000,EUR,68559,100,1,BEL,BEL,44259.393111999234,44259.393111999234,1.0,0.0
2234,2021,2,FT,Machine Learning Engineer,70000,EUR,82744,50,1,BEL,BEL,44259.393111999234,44259.393111999234,1.0,1.0
2236,2021,0,FT,Information Security Officer,28800,EUR,34043,50,2,BEL,BEL,44259.393111999234,44259.393111999234,1.0,0.0
2237,2021,2,FT,DevOps Engineer,58000,EUR,68559,100,1,BEL,BEL,44259.393111999234,44259.393111999234,1.0,0.0
2238,2021,1,FT,Cloud Infrastructure Engineer,68208,EUR,80625,100,1,BEL,BEL,44259.393111999234,44259.393111999234,1.0,0.0
2239,2021,1,FT,DevOps Engineer,55680,EUR,65817,50,2,BEL,BEL,44259.393111999234,44259.393111999234,1.0,0.0
2241,2021,1,FT,Machine Learning Engineer,75000,EUR,88654,100,1,BEL,BEL,44259.393111999234,44259.393111999234,1.0,1.0
2257,2021,2,FT,Lead DevOps Engineer,74400,EUR,87945,100,2,FIN,FIN,40817.35600371356,40817.35600371356,1.0,0.0
2258,2021,1,FT,DevOps Consultant,52000,EUR,61467,50,2,FIN,FIN,40817.35600371356,40817.35600371356,1.0,0.0
2260,2021,2,FT,Site Reliability Engineer,133000,EUR,157213,100,2,FIN,FIN,40817.35600371356,40817.35600371356,1.0,0.0
2263,2021,0,FT,Data Scientist,13400,USD,13400,100,2,UKR,UKR,8007.47170235351,8007.47170235351,1.0,1.0
2265,2021,1,FT,Cloud DevOps Engineer,42000,USD,42000,100,2,SLV,GTM,8877.171476201192,8524.822757421834,0.0,0.0
2268,2021,1,FT,DevOps Engineer,22800,USD,22800,100,0,MYS,MYS,27499.84768334655,27499.84768334655,1.0,0.0
2269,2021,1,FT,Site Reliability Engineer,51520,USD,51520,100,2,MYS,MYS,27499.84768334655,27499.84768334655,1.0,0.0
2272,2021,2,FT,DevOps Engineer,35000,EUR,41372,100,2,MKD,MKD,14032.278995170938,14032.278995170938,1.0,0.0
2273,2021,2,FT,DevOps Engineer,35000,EUR,41372,100,2,MKD,MKD,14032.278995170938,14032.278995170938,1.0,0.0
2274,2021,2,FT,DevOps Engineer,35000,EUR,41372,100,2,MKD,MKD,14032.278995170938,14032.278995170938,1.0,0.0
2278,2021,0,FT,DevOps Engineer,288000,ZAR,19477,100,1,ZAF,ZAF,13477.007361133763,13477.007361133763,1.0,0.0
2279,2021,1,FT,Cyber Security Analyst,648000,ZAR,43824,100,2,ZAF,ZAF,13477.007361133763,13477.007361133763,1.0,0.0
2280,2021,2,FT,DevOps Architect,1100000,ZAR,74393,100,2,ZAF,ZAF,13477.007361133763,13477.007361133763,1.0,0.0
2287,2021,2,FT,DevSecOps Engineer,480000,ILS,148629,50,1,ISR,ISR,35784.40007393033,35784.40007393033,1.0,0.0
2290,2021,0,FT,IT Infrastructure Engineer,168000,ILS,52020,50,0,ISR,ISR,35784.40007393033,35784.40007393033,1.0,0.0
2291,2021,2,FT,Penetration Testing Engineer,384000,ILS,118903,50,2,ISR,ISR,35784.40007393033,35784.40007393033,1.0,0.0
2304,2021,2,FT,DevOps Engineer,54000,EUR,63831,100,1,EST,EST,30920.891256738476,30920.891256738476,1.0,0.0
2309,2021,2,FT,DevOps Engineer,36000,USD,36000,50,1,TUR,TUR,20656.7574840391,20656.7574840391,1.0,0.0
2310,2021,2,FT,Data Scientist,180000,TRY,20171,50,2,TUR,TUR,20656.7574840391,20656.7574840391,1.0,1.0
2311,2021,1,FT,Data Engineer,250000,TRY,28016,100,1,TUR,TUR,20656.7574840391,20656.7574840391,1.0,1.0
2312,2021,2,FT,Cyber Security Architect,35000,USD,35000,50,0,TUR,TUR,20656.7574840391,20656.7574840391,1.0,0.0
2314,2021,1,FT,Cloud Security Engineer,100000,USD,100000,50,2,RUS,KGZ,26325.49777562197,3629.2204586464063,0.0,0.0
2316,2021,1,FT,Cloud Engineer,36000,USD,36000,50,1,ARM,ARM,8636.5682809387,8636.5682809387,1.0,0.0
2322,2021,2,FT,Cyber Security Analyst,48000,EUR,56738,50,1,SVN,SVN,34658.028949468746,34658.028949468746,1.0,0.0
2323,2021,1,FT,Information Security Officer,36000,EUR,42554,100,2,SVN,SVN,34658.028949468746,34658.028949468746,1.0,0.0
2324,2021,1,FT,Cyber Security Analyst,42900,EUR,50710,100,1,SVN,SVN,34658.028949468746,34658.028949468746,1.0,0.0
2325,2021,1,FT,Machine Learning Engineer,21000,EUR,24823,50,2,SVN,SVN,34658.028949468746,34658.028949468746,1.0,1.0
2327,2021,1,FT,SOC Analyst,12800,USD,12800,100,1,EGY,EGY,11386.931092434757,11386.931092434757,1.0,0.0
2330,2021,0,FT,Penetration Tester,42000,EUR,49646,50,0,LUX,LUX,98867.25127497349,98867.25127497349,1.0,0.0
2331,2021,0,FT,Business Data Analyst,50000,EUR,59102,100,2,LUX,LUX,98867.25127497349,98867.25127497349,1.0,1.0
2334,2021,0,FT,Cyber Security Analyst,100000,USD,100000,100,1,KEN,KEN,3206.922820204471,3206.922820204471,1.0,0.0
2335,2021,0,FT,BI Data Analyst,9272,USD,9272,100,0,KEN,KEN,3206.922820204471,3206.922820204471,1.0,1.0
2340,2021,1,FT,Machine Learning Engineer,74000,USD,74000,50,0,JPN,JPN,39003.12750990701,39003.12750990701,1.0,1.0
2344,2021,1,FT,Data Scientist,30400000,CLP,40038,100,2,CHL,CHL,24514.781862569154,24514.781862569154,1.0,1.0
2346,2021,0,FT,Machine Learning Engineer,21844,USD,21844,50,1,COL,COL,14423.926409127462,14423.926409127462,1.0,1.0
2348,2021,0,FT,Machine Learning Developer,100000,USD,100000,50,0,IRQ,IRQ,15225.002807325178,15225.002807325178,1.0,1.0
